[
{
  "model": "contenttypes.contenttype",
  "fields": {
    "app_label": "admin",
    "model": "logentry"
  }
},
{
  "model": "contenttypes.contenttype",
  "fields": {
    "app_label": "auth",
    "model": "permission"
  }
},
{
  "model": "contenttypes.contenttype",
  "fields": {
    "app_label": "auth",
    "model": "group"
  }
},
{
  "model": "contenttypes.contenttype",
  "fields": {
    "app_label": "contenttypes",
    "model": "contenttype"
  }
},
{
  "model": "contenttypes.contenttype",
  "fields": {
    "app_label": "sessions",
    "model": "session"
  }
},
{
  "model": "contenttypes.contenttype",
  "fields": {
    "app_label": "core",
    "model": "user"
  }
},
{
  "model": "contenttypes.contenttype",
  "fields": {
    "app_label": "core",
    "model": "chapter"
  }
},
{
  "model": "contenttypes.contenttype",
  "fields": {
    "app_label": "core",
    "model": "grade"
  }
},
{
  "model": "contenttypes.contenttype",
  "fields": {
    "app_label": "core",
    "model": "questionbank"
  }
},
{
  "model": "contenttypes.contenttype",
  "fields": {
    "app_label": "core",
    "model": "quiz"
  }
},
{
  "model": "contenttypes.contenttype",
  "fields": {
    "app_label": "core",
    "model": "subject"
  }
},
{
  "model": "contenttypes.contenttype",
  "fields": {
    "app_label": "core",
    "model": "studentquizattempt"
  }
},
{
  "model": "contenttypes.contenttype",
  "fields": {
    "app_label": "core",
    "model": "studentanswer"
  }
},
{
  "model": "contenttypes.contenttype",
  "fields": {
    "app_label": "core",
    "model": "scqquestion"
  }
},
{
  "model": "contenttypes.contenttype",
  "fields": {
    "app_label": "core",
    "model": "quizquestionassignment"
  }
},
{
  "model": "contenttypes.contenttype",
  "fields": {
    "app_label": "core",
    "model": "quizattempt"
  }
},
{
  "model": "contenttypes.contenttype",
  "fields": {
    "app_label": "core",
    "model": "mcqquestion"
  }
},
{
  "model": "contenttypes.contenttype",
  "fields": {
    "app_label": "core",
    "model": "fibquestion"
  }
},
{
  "model": "sessions.session",
  "pk": "dqcddfvzf7mjo82xc3hbhfdnjxer9gw6",
  "fields": {
    "session_data": ".eJxVjEsOwjAMBe-SNYqaxGkxS_Y9Q2XHDi2gROpnhbg7VOoCtm9m3ssMtK3jsC06D5OYi3Hm9LsxpYeWHcidyq3aVMs6T2x3xR50sX0VfV4P9-9gpGX81sCdT6ljBcSWJWZkBImpVXHcBRc9gudzA1lTABfRkQAFhzl4arKY9wfuKzgE:1uXx4X:x-G8bBKWl_SaByb2fqabMra-t2uXd16YmfOdSuguAsQ",
    "expire_date": "2025-07-19T07:12:29.790Z"
  }
},
{
  "model": "core.questionbank",
  "pk": 1,
  "fields": {
    "title": "QB Math Addition (1-10)  NEw",
    "type": "SCQ",
    "created_at": "2025-06-14T17:32:08.419Z"
  }
},
{
  "model": "core.questionbank",
  "pk": 2,
  "fields": {
    "title": "QB Math Subtraction (1-10)",
    "type": "MCQ",
    "created_at": "2025-06-14T17:35:56.187Z"
  }
},
{
  "model": "core.questionbank",
  "pk": 3,
  "fields": {
    "title": "QB Math Multiplication (1-10)",
    "type": "FIB",
    "created_at": "2025-06-14T17:41:30.273Z"
  }
},
{
  "model": "core.questionbank",
  "pk": 4,
  "fields": {
    "title": "QB Addition with Pictures let me try longer name for quiz",
    "type": "SCQ",
    "created_at": "2025-06-17T04:33:18.872Z"
  }
},
{
  "model": "core.questionbank",
  "pk": 5,
  "fields": {
    "title": "hgvuygy",
    "type": "MCQ",
    "created_at": "2025-07-09T09:25:17.561Z"
  }
},
{
  "model": "core.scqquestion",
  "pk": 1,
  "fields": {
    "question_id": "9ce72368-3160-4b3a-8bb6-58999e8482df",
    "question_bank": 1,
    "question_text": "What is the capital of Pakistan?",
    "option_a": "Lahore",
    "option_b": "Karachi",
    "option_c": "Islamabad",
    "option_d": "Peshawar",
    "correct_answer": "C"
  }
},
{
  "model": "core.scqquestion",
  "pk": 7,
  "fields": {
    "question_id": "e278cbf4-9e6a-4db1-b632-da5d396dab4a",
    "question_bank": 1,
    "question_text": "<p>What is 6 + 6?</p>",
    "option_a": "11",
    "option_b": "12",
    "option_c": "13",
    "option_d": "14",
    "correct_answer": "b"
  }
},
{
  "model": "core.scqquestion",
  "pk": 8,
  "fields": {
    "question_id": "b0336f5f-2399-46cf-a9db-f164551a3ae8",
    "question_bank": 1,
    "question_text": "<p>What is 7 + 7?</p>",
    "option_a": "13",
    "option_b": "14",
    "option_c": "15",
    "option_d": "16",
    "correct_answer": "b"
  }
},
{
  "model": "core.scqquestion",
  "pk": 9,
  "fields": {
    "question_id": "233c7215-c176-49ff-8b6f-a2b781055e44",
    "question_bank": 1,
    "question_text": "What is 8 + 8?",
    "option_a": "15",
    "option_b": "16",
    "option_c": "17",
    "option_d": "18",
    "correct_answer": "B"
  }
},
{
  "model": "core.scqquestion",
  "pk": 10,
  "fields": {
    "question_id": "d345b8b1-5560-4a99-9baf-589ae7af2b26",
    "question_bank": 1,
    "question_text": "<p>What is 9 + 9?</p>",
    "option_a": "17",
    "option_b": "18",
    "option_c": "19",
    "option_d": "20",
    "correct_answer": "b"
  }
},
{
  "model": "core.scqquestion",
  "pk": 11,
  "fields": {
    "question_id": "b3eb6172-8c21-4b08-ba10-7e6d3831d221",
    "question_bank": 1,
    "question_text": "<p>What is 10 + 10?</p>",
    "option_a": "19",
    "option_b": "20",
    "option_c": "21",
    "option_d": "22",
    "correct_answer": "b"
  }
},
{
  "model": "core.scqquestion",
  "pk": 12,
  "fields": {
    "question_id": "4fdc4e80-d406-48d2-b1b2-ac60a9269e32",
    "question_bank": 1,
    "question_text": "<p>What is 2 + 20?</p>",
    "option_a": "30",
    "option_b": "40",
    "option_c": "22",
    "option_d": "33",
    "correct_answer": "c"
  }
},
{
  "model": "core.scqquestion",
  "pk": 13,
  "fields": {
    "question_id": "116701d3-9399-4eb0-8e77-199b75fbaa73",
    "question_bank": 4,
    "question_text": "<p>How many birds are there?</p>\r\n\r\n<p><img alt=\"\" height=\"252\" src=\"/media/uploads/2025/06/17/screen-shot-2023-09-04-at-75825-pm_1KgD5zD.png\" width=\"607\" /></p>",
    "option_a": "6",
    "option_b": "5",
    "option_c": "4",
    "option_d": "7",
    "correct_answer": "b"
  }
},
{
  "model": "core.scqquestion",
  "pk": 14,
  "fields": {
    "question_id": "4d0f6939-346e-4f58-bf29-310ba9f55c54",
    "question_bank": 4,
    "question_text": "<p>How many birds are there?</p>\r\n\r\n<p><img alt=\"\" height=\"263\" src=\"/media/uploads/2025/06/17/screen-shot-2023-09-04-at-75814-pm.png\" width=\"632\" /></p>",
    "option_a": "9",
    "option_b": "8",
    "option_c": "6",
    "option_d": "7",
    "correct_answer": "d"
  }
},
{
  "model": "core.scqquestion",
  "pk": 15,
  "fields": {
    "question_id": "360fd5b0-8c2c-4fe8-9d79-7c4095e78aa0",
    "question_bank": 4,
    "question_text": "<p>How many flowers are there?</p>\r\n\r\n<p><img alt=\"\" height=\"275\" src=\"/media/uploads/2025/06/17/screen-shot-2023-09-04-at-75645-pm.png\" width=\"475\" /></p>",
    "option_a": "9",
    "option_b": "8",
    "option_c": "6",
    "option_d": "7",
    "correct_answer": "c"
  }
},
{
  "model": "core.scqquestion",
  "pk": 16,
  "fields": {
    "question_id": "ea7c642a-baa5-42b3-b987-48cc3d16fcd7",
    "question_bank": 4,
    "question_text": "<p>How many flowers are there?</p>\r\n\r\n<p><img alt=\"\" height=\"348\" src=\"/media/uploads/2025/06/17/screen-shot-2023-09-04-at-75558-pm.png\" width=\"601\" /></p>",
    "option_a": "9",
    "option_b": "8",
    "option_c": "6",
    "option_d": "7",
    "correct_answer": "A"
  }
},
{
  "model": "core.scqquestion",
  "pk": 17,
  "fields": {
    "question_id": "81ad9aaf-ca77-4907-8983-a2de65fb46bb",
    "question_bank": 4,
    "question_text": "<p>How many flowers are there?</p>\r\n\r\n<p><img alt=\"\" height=\"198\" src=\"/media/uploads/2025/06/17/screen-shot-2023-09-04-at-75522-pm.png\" width=\"525\" /></p>",
    "option_a": "5",
    "option_b": "3",
    "option_c": "6",
    "option_d": "4",
    "correct_answer": "d"
  }
},
{
  "model": "core.scqquestion",
  "pk": 19,
  "fields": {
    "question_id": "bdbbe6c7-9fc6-472b-8379-92d66786af57",
    "question_bank": 4,
    "question_text": "<p>How many birds are there?</p>\r\n\r\n<p><img alt=\"\" height=\"252\" src=\"/media/uploads/2025/06/17/screen-shot-2023-09-04-at-75825-pm_1KgD5zD.png\" width=\"607\" /></p>",
    "option_a": "6",
    "option_b": "5",
    "option_c": "4",
    "option_d": "7",
    "correct_answer": "b"
  }
},
{
  "model": "core.scqquestion",
  "pk": 20,
  "fields": {
    "question_id": "f16b8461-0c04-47e9-8781-9cf5547b611b",
    "question_bank": 4,
    "question_text": "<p>How many birds are there?</p>\r\n\r\n<p><img alt=\"\" height=\"263\" src=\"/media/uploads/2025/06/17/screen-shot-2023-09-04-at-75814-pm.png\" width=\"632\" /></p>",
    "option_a": "9",
    "option_b": "8",
    "option_c": "6",
    "option_d": "7",
    "correct_answer": "d"
  }
},
{
  "model": "core.scqquestion",
  "pk": 21,
  "fields": {
    "question_id": "668381cf-33c1-43f4-aaab-6b2628a9860e",
    "question_bank": 4,
    "question_text": "<p>How many flowers are there?</p>\r\n\r\n<p><img alt=\"\" height=\"275\" src=\"/media/uploads/2025/06/17/screen-shot-2023-09-04-at-75645-pm.png\" width=\"475\" /></p>",
    "option_a": "9",
    "option_b": "8",
    "option_c": "6",
    "option_d": "7",
    "correct_answer": "c"
  }
},
{
  "model": "core.scqquestion",
  "pk": 22,
  "fields": {
    "question_id": "56f828af-2e60-4340-9d69-b252047b2c66",
    "question_bank": 4,
    "question_text": "<p>How many flowers are there?</p>\r\n\r\n<p><img alt=\"\" height=\"198\" src=\"/media/uploads/2025/06/17/screen-shot-2023-09-04-at-75522-pm.png\" width=\"525\" /></p>",
    "option_a": "5",
    "option_b": "3",
    "option_c": "6",
    "option_d": "4",
    "correct_answer": "d"
  }
},
{
  "model": "core.scqquestion",
  "pk": 23,
  "fields": {
    "question_id": "3231e350-4de4-4c48-b0d7-cfcd09d6caf0",
    "question_bank": 4,
    "question_text": "<p>How many flowers are there?</p>\r\n\r\n<p><img alt=\"\" height=\"275\" src=\"/media/uploads/2025/06/17/screen-shot-2023-09-04-at-75645-pm.png\" width=\"475\" /></p>",
    "option_a": "9",
    "option_b": "8",
    "option_c": "6",
    "option_d": "7",
    "correct_answer": "c"
  }
},
{
  "model": "core.scqquestion",
  "pk": 24,
  "fields": {
    "question_id": "b6373211-b095-4f4c-aa39-76d0ec0304c2",
    "question_bank": 1,
    "question_text": "<p>What is 2 + 20?</p>",
    "option_a": "30",
    "option_b": "40",
    "option_c": "22",
    "option_d": "33",
    "correct_answer": "c"
  }
},
{
  "model": "core.scqquestion",
  "pk": 25,
  "fields": {
    "question_id": "44726b4b-5166-4f28-a985-7db5bbb4057d",
    "question_bank": 1,
    "question_text": "<p>What is 2 + 20?</p>",
    "option_a": "30",
    "option_b": "40",
    "option_c": "22",
    "option_d": "33",
    "correct_answer": "c"
  }
},
{
  "model": "core.scqquestion",
  "pk": 26,
  "fields": {
    "question_id": "107c46ee-f717-4cad-a67d-18b7ffc3d9c9",
    "question_bank": 1,
    "question_text": "<p>What is 2 + 20?</p>",
    "option_a": "30",
    "option_b": "40",
    "option_c": "22",
    "option_d": "33",
    "correct_answer": "c"
  }
},
{
  "model": "core.scqquestion",
  "pk": 27,
  "fields": {
    "question_id": "bc6b35f4-16b2-4edc-bcf3-d537206a32e5",
    "question_bank": 1,
    "question_text": "<p>What is 2 + 20?</p>",
    "option_a": "30",
    "option_b": "40",
    "option_c": "22",
    "option_d": "33",
    "correct_answer": "c"
  }
},
{
  "model": "core.scqquestion",
  "pk": 28,
  "fields": {
    "question_id": "b2694440-ba32-45f1-86d1-ee36ff6837bc",
    "question_bank": 1,
    "question_text": "<p>What is 10 + 10?</p>",
    "option_a": "19",
    "option_b": "20",
    "option_c": "21",
    "option_d": "22",
    "correct_answer": "b"
  }
},
{
  "model": "core.scqquestion",
  "pk": 29,
  "fields": {
    "question_id": "5777fdcc-93df-40ae-b019-e7099e22203b",
    "question_bank": 1,
    "question_text": "<p>What is 10 + 10?</p>",
    "option_a": "19",
    "option_b": "20",
    "option_c": "21",
    "option_d": "22",
    "correct_answer": "b"
  }
},
{
  "model": "core.scqquestion",
  "pk": 30,
  "fields": {
    "question_id": "78ee10bf-6a6a-4c5b-a290-299aed6649e6",
    "question_bank": 1,
    "question_text": "<p>What is 10 + 10?</p>",
    "option_a": "19",
    "option_b": "20",
    "option_c": "21",
    "option_d": "22",
    "correct_answer": "b"
  }
},
{
  "model": "core.scqquestion",
  "pk": 31,
  "fields": {
    "question_id": "d6317ee0-ec45-4a19-8d91-dc3eb27d9a93",
    "question_bank": 1,
    "question_text": "<p>What is 10 + 10?</p>",
    "option_a": "19",
    "option_b": "20",
    "option_c": "21",
    "option_d": "22",
    "correct_answer": "b"
  }
},
{
  "model": "core.scqquestion",
  "pk": 32,
  "fields": {
    "question_id": "d9e591c9-b336-4174-99e0-94cdb0d10021",
    "question_bank": 1,
    "question_text": "<p>What is 10 + 10?</p>",
    "option_a": "19",
    "option_b": "20",
    "option_c": "21",
    "option_d": "22",
    "correct_answer": "b"
  }
},
{
  "model": "core.scqquestion",
  "pk": 33,
  "fields": {
    "question_id": "27ffc09b-589e-4bcc-b577-65521d773e86",
    "question_bank": 1,
    "question_text": "<p>What is 10 + 10?</p>",
    "option_a": "19",
    "option_b": "20",
    "option_c": "21",
    "option_d": "22",
    "correct_answer": "b"
  }
},
{
  "model": "core.scqquestion",
  "pk": 34,
  "fields": {
    "question_id": "a777d7d6-1663-440f-b83d-4d12f1b01a47",
    "question_bank": 1,
    "question_text": "<p>What is 10 + 10?</p>",
    "option_a": "19",
    "option_b": "20",
    "option_c": "21",
    "option_d": "22",
    "correct_answer": "b"
  }
},
{
  "model": "core.scqquestion",
  "pk": 35,
  "fields": {
    "question_id": "d03949f3-10a0-4643-be76-59bdffdc694d",
    "question_bank": 1,
    "question_text": "<p>What is 10 + 10?</p>",
    "option_a": "19",
    "option_b": "20",
    "option_c": "21",
    "option_d": "22",
    "correct_answer": "b"
  }
},
{
  "model": "core.scqquestion",
  "pk": 36,
  "fields": {
    "question_id": "52979376-cd64-48df-903d-6885033cb026",
    "question_bank": 1,
    "question_text": "<p>What is 10 + 10?</p>",
    "option_a": "19",
    "option_b": "20",
    "option_c": "21",
    "option_d": "22",
    "correct_answer": "b"
  }
},
{
  "model": "core.scqquestion",
  "pk": 37,
  "fields": {
    "question_id": "ccebd6b2-4fd9-4bd8-9d07-a4a78910617a",
    "question_bank": 1,
    "question_text": "<p>What is 2 + 20?</p>",
    "option_a": "30",
    "option_b": "40",
    "option_c": "22",
    "option_d": "33",
    "correct_answer": "c"
  }
},
{
  "model": "core.scqquestion",
  "pk": 38,
  "fields": {
    "question_id": "35d14b18-11d0-49fc-a326-dbc33101abf8",
    "question_bank": 1,
    "question_text": "<p>What is 2 + 20?</p>",
    "option_a": "30",
    "option_b": "40",
    "option_c": "22",
    "option_d": "33",
    "correct_answer": "c"
  }
},
{
  "model": "core.scqquestion",
  "pk": 39,
  "fields": {
    "question_id": "6caa1ee6-1644-45a1-9435-7a5ff7d52d4e",
    "question_bank": 1,
    "question_text": "<p>What is 2 + 20?</p>",
    "option_a": "30",
    "option_b": "40",
    "option_c": "22",
    "option_d": "33",
    "correct_answer": "c"
  }
},
{
  "model": "core.scqquestion",
  "pk": 40,
  "fields": {
    "question_id": "7928bcc2-f9c0-4d9b-b696-caafe9626091",
    "question_bank": 1,
    "question_text": "<p>What is 10 + 10?</p>",
    "option_a": "19",
    "option_b": "20",
    "option_c": "21",
    "option_d": "22",
    "correct_answer": "b"
  }
},
{
  "model": "core.scqquestion",
  "pk": 41,
  "fields": {
    "question_id": "50f7a1a3-30b0-4b2e-8c08-0a0f125866e0",
    "question_bank": 1,
    "question_text": "<p>What is 10 + 10?</p>",
    "option_a": "19",
    "option_b": "20",
    "option_c": "21",
    "option_d": "22",
    "correct_answer": "b"
  }
},
{
  "model": "core.scqquestion",
  "pk": 42,
  "fields": {
    "question_id": "7d88e3b1-04a3-4167-a72e-688c4cda04ef",
    "question_bank": 1,
    "question_text": "<p>What is 10 + 10?</p>",
    "option_a": "19",
    "option_b": "20",
    "option_c": "21",
    "option_d": "22",
    "correct_answer": "b"
  }
},
{
  "model": "core.mcqquestion",
  "pk": 1,
  "fields": {
    "question_id": "c93b047e-9c2c-40fb-9f3d-fb62bd05322f",
    "question_bank": 2,
    "question_text": "<p>Which of the following are programming languages?</p>",
    "option_a": "Python",
    "option_b": "Banana",
    "option_c": "Java",
    "option_d": "Cucumber",
    "correct_answers": "a,c"
  }
},
{
  "model": "core.mcqquestion",
  "pk": 2,
  "fields": {
    "question_id": "e30918ce-f022-4090-8c67-05d037ea8bcb",
    "question_bank": 2,
    "question_text": "<p>Select even numbers from:&nbsp;</p>",
    "option_a": "1",
    "option_b": "2",
    "option_c": "3",
    "option_d": "4",
    "correct_answers": "b,d"
  }
},
{
  "model": "core.mcqquestion",
  "pk": 3,
  "fields": {
    "question_id": "78d8fa9d-f16a-4880-a45a-4270ae1719b0",
    "question_bank": 2,
    "question_text": "<p>Select even numbers from:&nbsp;</p>",
    "option_a": "2",
    "option_b": "3",
    "option_c": "4",
    "option_d": "5",
    "correct_answers": "a,c"
  }
},
{
  "model": "core.mcqquestion",
  "pk": 4,
  "fields": {
    "question_id": "e2fa096b-3862-493e-87bf-ccb46bfc2d49",
    "question_bank": 2,
    "question_text": "<p>Select even numbers from:&nbsp;</p>",
    "option_a": "3",
    "option_b": "4",
    "option_c": "5",
    "option_d": "6",
    "correct_answers": "b,d"
  }
},
{
  "model": "core.mcqquestion",
  "pk": 5,
  "fields": {
    "question_id": "f7feb28e-c35a-44d0-9bfc-02310152d13c",
    "question_bank": 2,
    "question_text": "<p>Select even numbers from:&nbsp;</p>",
    "option_a": "14",
    "option_b": "51",
    "option_c": "61",
    "option_d": "70",
    "correct_answers": "a,d"
  }
},
{
  "model": "core.mcqquestion",
  "pk": 6,
  "fields": {
    "question_id": "39695b66-738a-4755-96ef-7fe3c867f3aa",
    "question_bank": 2,
    "question_text": "<p>Select even numbers from:&nbsp;</p>",
    "option_a": "5",
    "option_b": "6",
    "option_c": "10",
    "option_d": "8",
    "correct_answers": "B,C,D"
  }
},
{
  "model": "core.mcqquestion",
  "pk": 7,
  "fields": {
    "question_id": "d7bf2c0f-3bc7-4ee2-aed3-0115ca9acb46",
    "question_bank": 2,
    "question_text": "<p>Select even numbers from:&nbsp;</p>",
    "option_a": "3",
    "option_b": "5",
    "option_c": "7",
    "option_d": "8",
    "correct_answers": "D"
  }
},
{
  "model": "core.mcqquestion",
  "pk": 12,
  "fields": {
    "question_id": "d56b900c-56bb-4270-b7d2-1ce56ba09274",
    "question_bank": 2,
    "question_text": "<p>Select even numbers from:&nbsp;</p>",
    "option_a": "3",
    "option_b": "5",
    "option_c": "7",
    "option_d": "8",
    "correct_answers": "D"
  }
},
{
  "model": "core.mcqquestion",
  "pk": 13,
  "fields": {
    "question_id": "c2ce9a44-d2a2-4627-8b46-e647e69914a9",
    "question_bank": 2,
    "question_text": "<p>Select even numbers from:&nbsp;</p>",
    "option_a": "3",
    "option_b": "5",
    "option_c": "7",
    "option_d": "8",
    "correct_answers": "D"
  }
},
{
  "model": "core.mcqquestion",
  "pk": 14,
  "fields": {
    "question_id": "658f122b-265c-4c28-8a87-56c73e35b7b6",
    "question_bank": 2,
    "question_text": "<p>Select even numbers from:&nbsp;</p>",
    "option_a": "3",
    "option_b": "5",
    "option_c": "7",
    "option_d": "8",
    "correct_answers": "D"
  }
},
{
  "model": "core.fibquestion",
  "pk": 30,
  "fields": {
    "question_id": "2dd8fa5d-db0b-4d20-9a88-3a5dd651dfaf",
    "question_bank": 3,
    "question_text": "The capital of Pakistan is [a].",
    "correct_answers": {
      "a": "Islamabad"
    }
  }
},
{
  "model": "core.fibquestion",
  "pk": 31,
  "fields": {
    "question_id": "f5e45610-7050-467c-811d-8b3bf5eb0776",
    "question_bank": 3,
    "question_text": "[a] is the largest city in Pakistan.",
    "correct_answers": {
      "a": "Karachi"
    }
  }
},
{
  "model": "core.fibquestion",
  "pk": 32,
  "fields": {
    "question_id": "7e182c27-8c6b-4d92-8ece-9627a0014b4a",
    "question_bank": 3,
    "question_text": "The currency of Pakistan is [a].",
    "correct_answers": {
      "a": "Rupee"
    }
  }
},
{
  "model": "core.fibquestion",
  "pk": 33,
  "fields": {
    "question_id": "045065fb-a40b-465a-bb4f-cb1b2c44f31c",
    "question_bank": 3,
    "question_text": "[a] is the founder of Pakistan.",
    "correct_answers": {
      "a": "Quaid-e-Azam"
    }
  }
},
{
  "model": "core.fibquestion",
  "pk": 34,
  "fields": {
    "question_id": "d34dd651-704e-4e17-883b-2fe7d60194fc",
    "question_bank": 3,
    "question_text": "[a] is the national language of Pakistan.",
    "correct_answers": {
      "a": "Urdu"
    }
  }
},
{
  "model": "core.fibquestion",
  "pk": 35,
  "fields": {
    "question_id": "d45c84a3-1db4-41f8-a08a-eaff519606e4",
    "question_bank": 3,
    "question_text": "Pakistan got independence in [a].",
    "correct_answers": {
      "a": "1947"
    }
  }
},
{
  "model": "core.fibquestion",
  "pk": 36,
  "fields": {
    "question_id": "ca77ed27-83a4-41fe-82bb-a5e5262b211c",
    "question_bank": 3,
    "question_text": "[a] is the current capital of Balochistan.",
    "correct_answers": {
      "a": "Quetta"
    }
  }
},
{
  "model": "core.fibquestion",
  "pk": 37,
  "fields": {
    "question_id": "e39fc703-fc3c-4e49-9d5a-db2e084be74f",
    "question_bank": 3,
    "question_text": "The river [a] is the longest in Pakistan.",
    "correct_answers": {
      "a": "Indus"
    }
  }
},
{
  "model": "core.fibquestion",
  "pk": 38,
  "fields": {
    "question_id": "da1b6f98-b9a7-471d-9340-dbce0afb41f8",
    "question_bank": 3,
    "question_text": "The national flower of Pakistan is [a].",
    "correct_answers": {
      "a": "Jasmine"
    }
  }
},
{
  "model": "core.fibquestion",
  "pk": 39,
  "fields": {
    "question_id": "6f53705c-69eb-4e9d-adfc-d980becfaba7",
    "question_bank": 3,
    "question_text": "[a] is celebrated as Pakistan Day.",
    "correct_answers": {
      "a": "23rd March"
    }
  }
},
{
  "model": "core.fibquestion",
  "pk": 40,
  "fields": {
    "question_id": "577b43a7-2f34-4c4d-92b1-972a55b2c6c6",
    "question_bank": 3,
    "question_text": "The capital of Pakistan is [a].",
    "correct_answers": {
      "a": "Islamabad"
    }
  }
},
{
  "model": "core.fibquestion",
  "pk": 41,
  "fields": {
    "question_id": "bc1b550e-07e2-4b0e-9314-c24ad27272cd",
    "question_bank": 3,
    "question_text": "[a] is the largest city in Pakistan.",
    "correct_answers": {
      "a": "Karachi"
    }
  }
},
{
  "model": "core.fibquestion",
  "pk": 42,
  "fields": {
    "question_id": "33cc9377-3bfd-4810-a645-145a5d528217",
    "question_bank": 3,
    "question_text": "The currency of Pakistan is [a].",
    "correct_answers": {
      "a": "Rupee"
    }
  }
},
{
  "model": "core.fibquestion",
  "pk": 43,
  "fields": {
    "question_id": "74453dd9-040f-4287-bd73-61db2566d9ee",
    "question_bank": 3,
    "question_text": "[a] is the founder of Pakistan.",
    "correct_answers": {
      "a": "Quaid-e-Azam"
    }
  }
},
{
  "model": "core.fibquestion",
  "pk": 44,
  "fields": {
    "question_id": "8ae8561a-40d8-4c9e-a1b1-bed17e8b3a35",
    "question_bank": 3,
    "question_text": "[a] is the national language of Pakistan.",
    "correct_answers": {
      "a": "Urdu"
    }
  }
},
{
  "model": "core.fibquestion",
  "pk": 45,
  "fields": {
    "question_id": "90ded373-ce50-4cc0-92cd-461b2da88b96",
    "question_bank": 3,
    "question_text": "Pakistan got independence in [a].",
    "correct_answers": {
      "a": "1947"
    }
  }
},
{
  "model": "core.fibquestion",
  "pk": 46,
  "fields": {
    "question_id": "2154fcf7-2289-420a-8a14-6ce162f2650c",
    "question_bank": 3,
    "question_text": "[a] is the current capital of Balochistan.",
    "correct_answers": {
      "a": "Quetta"
    }
  }
},
{
  "model": "core.fibquestion",
  "pk": 47,
  "fields": {
    "question_id": "ebd7d229-18dd-4db1-9fc2-bdcc0f78a636",
    "question_bank": 3,
    "question_text": "The river [a] is the longest in Pakistan.",
    "correct_answers": {
      "a": "Indus"
    }
  }
},
{
  "model": "core.fibquestion",
  "pk": 48,
  "fields": {
    "question_id": "b5abdc64-1732-4a31-92c6-6a8c22764e25",
    "question_bank": 3,
    "question_text": "The national flower of Pakistan is [a].",
    "correct_answers": {
      "a": "Jasmine"
    }
  }
},
{
  "model": "core.fibquestion",
  "pk": 49,
  "fields": {
    "question_id": "a2968d30-a613-4165-a15b-5c6fcd5d00ae",
    "question_bank": 3,
    "question_text": "[a] is celebrated as Pakistan Day.",
    "correct_answers": {
      "a": "23rd March"
    }
  }
},
{
  "model": "core.grade",
  "pk": 2,
  "fields": {
    "name": "Grade 2"
  }
},
{
  "model": "core.grade",
  "pk": 3,
  "fields": {
    "name": "Grade 3"
  }
},
{
  "model": "core.grade",
  "pk": 4,
  "fields": {
    "name": "Grade 4"
  }
},
{
  "model": "core.grade",
  "pk": 5,
  "fields": {
    "name": "Grade 1"
  }
},
{
  "model": "core.subject",
  "pk": 6,
  "fields": {
    "name": "math",
    "grade": 2
  }
},
{
  "model": "core.subject",
  "pk": 7,
  "fields": {
    "name": "math",
    "grade": 3
  }
},
{
  "model": "core.subject",
  "pk": 8,
  "fields": {
    "name": "math",
    "grade": 4
  }
},
{
  "model": "core.subject",
  "pk": 11,
  "fields": {
    "name": "Math",
    "grade": 5
  }
},
{
  "model": "core.chapter",
  "pk": 5,
  "fields": {
    "name": "intro",
    "subject": 6
  }
},
{
  "model": "core.chapter",
  "pk": 6,
  "fields": {
    "name": "intro",
    "subject": 7
  }
},
{
  "model": "core.chapter",
  "pk": 7,
  "fields": {
    "name": "intro",
    "subject": 8
  }
},
{
  "model": "core.chapter",
  "pk": 8,
  "fields": {
    "name": "hello this is new chapter",
    "subject": 11
  }
},
{
  "model": "core.quiz",
  "pk": 9,
  "fields": {
    "title": "addition",
    "grade": 5,
    "subject": 11,
    "chapter": 8,
    "marks_per_question": 10,
    "input_box_width": 10,
    "text_alignment": "left",
    "font_size": 20,
    "line_spacing": 1.5
  }
},
{
  "model": "core.quiz",
  "pk": 10,
  "fields": {
    "title": "quiz number 2",
    "grade": 2,
    "subject": 6,
    "chapter": 5,
    "marks_per_question": 10,
    "input_box_width": 2,
    "text_alignment": "left",
    "font_size": 25,
    "line_spacing": 1.5
  }
},
{
  "model": "core.quiz",
  "pk": 11,
  "fields": {
    "title": "quiz number 3",
    "grade": 3,
    "subject": 7,
    "chapter": 6,
    "marks_per_question": 10,
    "input_box_width": 2,
    "text_alignment": "left",
    "font_size": 16,
    "line_spacing": 1.5
  }
},
{
  "model": "core.quiz",
  "pk": 12,
  "fields": {
    "title": "quiz numner 4",
    "grade": 4,
    "subject": 8,
    "chapter": 7,
    "marks_per_question": 10,
    "input_box_width": 2,
    "text_alignment": "left",
    "font_size": 16,
    "line_spacing": 1.5
  }
},
{
  "model": "core.quiz",
  "pk": 13,
  "fields": {
    "title": "new quiz to check",
    "grade": 2,
    "subject": 6,
    "chapter": 5,
    "marks_per_question": 10,
    "input_box_width": 2,
    "text_alignment": "left",
    "font_size": 16,
    "line_spacing": 1.5
  }
},
{
  "model": "core.quiz",
  "pk": 14,
  "fields": {
    "title": "this is new quiz for grad 1",
    "grade": 5,
    "subject": 11,
    "chapter": 8,
    "marks_per_question": 10,
    "input_box_width": 20,
    "text_alignment": "left",
    "font_size": 30,
    "line_spacing": 1.5
  }
},
{
  "model": "core.quiz",
  "pk": 15,
  "fields": {
    "title": "quiz with twnety questions",
    "grade": 2,
    "subject": 6,
    "chapter": 5,
    "marks_per_question": 5,
    "input_box_width": 2,
    "text_alignment": "left",
    "font_size": 30,
    "line_spacing": 1.5
  }
},
{
  "model": "core.quizquestionassignment",
  "pk": 13,
  "fields": {
    "quiz": 9,
    "question_bank": 4,
    "num_questions": 10
  }
},
{
  "model": "core.quizquestionassignment",
  "pk": 14,
  "fields": {
    "quiz": 10,
    "question_bank": 1,
    "num_questions": 10
  }
},
{
  "model": "core.quizquestionassignment",
  "pk": 15,
  "fields": {
    "quiz": 11,
    "question_bank": 3,
    "num_questions": 10
  }
},
{
  "model": "core.quizquestionassignment",
  "pk": 16,
  "fields": {
    "quiz": 12,
    "question_bank": 2,
    "num_questions": 10
  }
},
{
  "model": "core.quizquestionassignment",
  "pk": 17,
  "fields": {
    "quiz": 13,
    "question_bank": 1,
    "num_questions": 10
  }
},
{
  "model": "core.quizquestionassignment",
  "pk": 18,
  "fields": {
    "quiz": 14,
    "question_bank": 3,
    "num_questions": 10
  }
},
{
  "model": "core.quizquestionassignment",
  "pk": 19,
  "fields": {
    "quiz": 15,
    "question_bank": 1,
    "num_questions": 20
  }
},
{
  "model": "core.studentanswer",
  "pk": 1024,
  "fields": {
    "attempt": 473,
    "question_id": "360fd5b0-8c2c-4fe8-9d79-7c4095e78aa0",
    "question_type": "scq",
    "answer_data": {
      "selected": "7"
    }
  }
},
{
  "model": "core.studentanswer",
  "pk": 1025,
  "fields": {
    "attempt": 473,
    "question_id": "bdbbe6c7-9fc6-472b-8379-92d66786af57",
    "question_type": "scq",
    "answer_data": {
      "selected": "5"
    }
  }
},
{
  "model": "core.studentanswer",
  "pk": 1026,
  "fields": {
    "attempt": 473,
    "question_id": "ea7c642a-baa5-42b3-b987-48cc3d16fcd7",
    "question_type": "scq",
    "answer_data": {
      "selected": "7"
    }
  }
},
{
  "model": "core.studentanswer",
  "pk": 1027,
  "fields": {
    "attempt": 473,
    "question_id": "3231e350-4de4-4c48-b0d7-cfcd09d6caf0",
    "question_type": "scq",
    "answer_data": {
      "selected": "7"
    }
  }
},
{
  "model": "core.studentanswer",
  "pk": 1028,
  "fields": {
    "attempt": 475,
    "question_id": "b3eb6172-8c21-4b08-ba10-7e6d3831d221",
    "question_type": "scq",
    "answer_data": {
      "selected": "19"
    }
  }
},
{
  "model": "core.studentanswer",
  "pk": 1029,
  "fields": {
    "attempt": 475,
    "question_id": "233c7215-c176-49ff-8b6f-a2b781055e44",
    "question_type": "scq",
    "answer_data": {
      "selected": "18"
    }
  }
},
{
  "model": "core.studentanswer",
  "pk": 1030,
  "fields": {
    "attempt": 475,
    "question_id": "e278cbf4-9e6a-4db1-b632-da5d396dab4a",
    "question_type": "scq",
    "answer_data": {
      "selected": "12"
    }
  }
},
{
  "model": "core.studentanswer",
  "pk": 1031,
  "fields": {
    "attempt": 487,
    "question_id": "9ce72368-3160-4b3a-8bb6-58999e8482df",
    "question_type": "scq",
    "answer_data": {
      "selected": "Karachi"
    }
  }
},
{
  "model": "core.studentanswer",
  "pk": 1032,
  "fields": {
    "attempt": 487,
    "question_id": "e278cbf4-9e6a-4db1-b632-da5d396dab4a",
    "question_type": "scq",
    "answer_data": {
      "selected": "14"
    }
  }
},
{
  "model": "core.studentanswer",
  "pk": 1033,
  "fields": {
    "attempt": 487,
    "question_id": "233c7215-c176-49ff-8b6f-a2b781055e44",
    "question_type": "scq",
    "answer_data": {
      "selected": "16"
    }
  }
},
{
  "model": "core.studentanswer",
  "pk": 1034,
  "fields": {
    "attempt": 488,
    "question_id": "9ce72368-3160-4b3a-8bb6-58999e8482df",
    "question_type": "scq",
    "answer_data": {
      "selected": "Peshawar"
    }
  }
},
{
  "model": "core.studentanswer",
  "pk": 1035,
  "fields": {
    "attempt": 488,
    "question_id": "d345b8b1-5560-4a99-9baf-589ae7af2b26",
    "question_type": "scq",
    "answer_data": {
      "selected": "20"
    }
  }
},
{
  "model": "core.studentanswer",
  "pk": 1036,
  "fields": {
    "attempt": 488,
    "question_id": "233c7215-c176-49ff-8b6f-a2b781055e44",
    "question_type": "scq",
    "answer_data": {
      "selected": "18"
    }
  }
},
{
  "model": "core.studentanswer",
  "pk": 1037,
  "fields": {
    "attempt": 491,
    "question_id": "b0336f5f-2399-46cf-a9db-f164551a3ae8",
    "question_type": "scq",
    "answer_data": {
      "selected": "14"
    }
  }
},
{
  "model": "core.studentanswer",
  "pk": 1038,
  "fields": {
    "attempt": 491,
    "question_id": "4fdc4e80-d406-48d2-b1b2-ac60a9269e32",
    "question_type": "scq",
    "answer_data": {
      "selected": "40"
    }
  }
},
{
  "model": "core.studentanswer",
  "pk": 1039,
  "fields": {
    "attempt": 491,
    "question_id": "b3eb6172-8c21-4b08-ba10-7e6d3831d221",
    "question_type": "scq",
    "answer_data": {
      "selected": "20"
    }
  }
},
{
  "model": "core.studentanswer",
  "pk": 1040,
  "fields": {
    "attempt": 494,
    "question_id": "b3eb6172-8c21-4b08-ba10-7e6d3831d221",
    "question_type": "scq",
    "answer_data": {
      "selected": "22"
    }
  }
},
{
  "model": "core.studentanswer",
  "pk": 1041,
  "fields": {
    "attempt": 494,
    "question_id": "b0336f5f-2399-46cf-a9db-f164551a3ae8",
    "question_type": "scq",
    "answer_data": {
      "selected": "13"
    }
  }
},
{
  "model": "core.studentanswer",
  "pk": 1042,
  "fields": {
    "attempt": 497,
    "question_id": "233c7215-c176-49ff-8b6f-a2b781055e44",
    "question_type": "scq",
    "answer_data": {
      "selected": "16"
    }
  }
},
{
  "model": "core.studentanswer",
  "pk": 1043,
  "fields": {
    "attempt": 497,
    "question_id": "b3eb6172-8c21-4b08-ba10-7e6d3831d221",
    "question_type": "scq",
    "answer_data": {
      "selected": "20"
    }
  }
},
{
  "model": "core.studentanswer",
  "pk": 1044,
  "fields": {
    "attempt": 497,
    "question_id": "9ce72368-3160-4b3a-8bb6-58999e8482df",
    "question_type": "scq",
    "answer_data": {
      "selected": "Lahore"
    }
  }
},
{
  "model": "core.studentanswer",
  "pk": 1045,
  "fields": {
    "attempt": 497,
    "question_id": "b0336f5f-2399-46cf-a9db-f164551a3ae8",
    "question_type": "scq",
    "answer_data": {
      "selected": "14"
    }
  }
},
{
  "model": "core.studentanswer",
  "pk": 1046,
  "fields": {
    "attempt": 497,
    "question_id": "e278cbf4-9e6a-4db1-b632-da5d396dab4a",
    "question_type": "scq",
    "answer_data": {
      "selected": "13"
    }
  }
},
{
  "model": "core.studentanswer",
  "pk": 1048,
  "fields": {
    "attempt": 497,
    "question_id": "4fdc4e80-d406-48d2-b1b2-ac60a9269e32",
    "question_type": "scq",
    "answer_data": {
      "selected": "22"
    }
  }
},
{
  "model": "core.studentanswer",
  "pk": 1049,
  "fields": {
    "attempt": 497,
    "question_id": "d345b8b1-5560-4a99-9baf-589ae7af2b26",
    "question_type": "scq",
    "answer_data": {
      "selected": "18"
    }
  }
},
{
  "model": "core.studentanswer",
  "pk": 1050,
  "fields": {
    "attempt": 499,
    "question_id": "e278cbf4-9e6a-4db1-b632-da5d396dab4a",
    "question_type": "scq",
    "answer_data": {
      "selected": "11"
    }
  }
},
{
  "model": "core.studentanswer",
  "pk": 1051,
  "fields": {
    "attempt": 499,
    "question_id": "4fdc4e80-d406-48d2-b1b2-ac60a9269e32",
    "question_type": "scq",
    "answer_data": {
      "selected": "40"
    }
  }
},
{
  "model": "core.studentanswer",
  "pk": 1052,
  "fields": {
    "attempt": 499,
    "question_id": "b0336f5f-2399-46cf-a9db-f164551a3ae8",
    "question_type": "scq",
    "answer_data": {
      "selected": "14"
    }
  }
},
{
  "model": "core.studentanswer",
  "pk": 1053,
  "fields": {
    "attempt": 499,
    "question_id": "d345b8b1-5560-4a99-9baf-589ae7af2b26",
    "question_type": "scq",
    "answer_data": {
      "selected": "17"
    }
  }
},
{
  "model": "core.studentanswer",
  "pk": 1054,
  "fields": {
    "attempt": 499,
    "question_id": "233c7215-c176-49ff-8b6f-a2b781055e44",
    "question_type": "scq",
    "answer_data": {
      "selected": "16"
    }
  }
},
{
  "model": "core.studentanswer",
  "pk": 1055,
  "fields": {
    "attempt": 499,
    "question_id": "9ce72368-3160-4b3a-8bb6-58999e8482df",
    "question_type": "scq",
    "answer_data": {
      "selected": "Peshawar"
    }
  }
},
{
  "model": "core.studentanswer",
  "pk": 1056,
  "fields": {
    "attempt": 499,
    "question_id": "b3eb6172-8c21-4b08-ba10-7e6d3831d221",
    "question_type": "scq",
    "answer_data": {
      "selected": "19"
    }
  }
},
{
  "model": "core.studentanswer",
  "pk": 1057,
  "fields": {
    "attempt": 501,
    "question_id": "233c7215-c176-49ff-8b6f-a2b781055e44",
    "question_type": "scq",
    "answer_data": {
      "selected": "16"
    }
  }
},
{
  "model": "core.studentanswer",
  "pk": 1058,
  "fields": {
    "attempt": 501,
    "question_id": "e278cbf4-9e6a-4db1-b632-da5d396dab4a",
    "question_type": "scq",
    "answer_data": {
      "selected": "11"
    }
  }
},
{
  "model": "core.studentanswer",
  "pk": 1059,
  "fields": {
    "attempt": 501,
    "question_id": "9ce72368-3160-4b3a-8bb6-58999e8482df",
    "question_type": "scq",
    "answer_data": {
      "selected": "Lahore"
    }
  }
},
{
  "model": "core.studentanswer",
  "pk": 1060,
  "fields": {
    "attempt": 501,
    "question_id": "4fdc4e80-d406-48d2-b1b2-ac60a9269e32",
    "question_type": "scq",
    "answer_data": {
      "selected": "30"
    }
  }
},
{
  "model": "core.studentanswer",
  "pk": 1061,
  "fields": {
    "attempt": 501,
    "question_id": "b0336f5f-2399-46cf-a9db-f164551a3ae8",
    "question_type": "scq",
    "answer_data": {
      "selected": "16"
    }
  }
},
{
  "model": "core.studentanswer",
  "pk": 1062,
  "fields": {
    "attempt": 501,
    "question_id": "b3eb6172-8c21-4b08-ba10-7e6d3831d221",
    "question_type": "scq",
    "answer_data": {
      "selected": "22"
    }
  }
},
{
  "model": "core.studentanswer",
  "pk": 1063,
  "fields": {
    "attempt": 501,
    "question_id": "d345b8b1-5560-4a99-9baf-589ae7af2b26",
    "question_type": "scq",
    "answer_data": {
      "selected": "18"
    }
  }
},
{
  "model": "core.studentanswer",
  "pk": 1064,
  "fields": {
    "attempt": 505,
    "question_id": "9ce72368-3160-4b3a-8bb6-58999e8482df",
    "question_type": "scq",
    "answer_data": {
      "selected": "Lahore"
    }
  }
},
{
  "model": "core.studentanswer",
  "pk": 1065,
  "fields": {
    "attempt": 505,
    "question_id": "4fdc4e80-d406-48d2-b1b2-ac60a9269e32",
    "question_type": "scq",
    "answer_data": {
      "selected": "22"
    }
  }
},
{
  "model": "core.studentanswer",
  "pk": 1066,
  "fields": {
    "attempt": 505,
    "question_id": "233c7215-c176-49ff-8b6f-a2b781055e44",
    "question_type": "scq",
    "answer_data": {
      "selected": "15"
    }
  }
},
{
  "model": "core.studentanswer",
  "pk": 1067,
  "fields": {
    "attempt": 505,
    "question_id": "b6373211-b095-4f4c-aa39-76d0ec0304c2",
    "question_type": "scq",
    "answer_data": {
      "selected": "22"
    }
  }
},
{
  "model": "core.studentanswer",
  "pk": 1068,
  "fields": {
    "attempt": 505,
    "question_id": "107c46ee-f717-4cad-a67d-18b7ffc3d9c9",
    "question_type": "scq",
    "answer_data": {
      "selected": "33"
    }
  }
},
{
  "model": "core.studentanswer",
  "pk": 1069,
  "fields": {
    "attempt": 505,
    "question_id": "e278cbf4-9e6a-4db1-b632-da5d396dab4a",
    "question_type": "scq",
    "answer_data": {
      "selected": "12"
    }
  }
},
{
  "model": "core.studentanswer",
  "pk": 1070,
  "fields": {
    "attempt": 505,
    "question_id": "bc6b35f4-16b2-4edc-bcf3-d537206a32e5",
    "question_type": "scq",
    "answer_data": {
      "selected": "33"
    }
  }
},
{
  "model": "core.studentanswer",
  "pk": 1071,
  "fields": {
    "attempt": 505,
    "question_id": "d345b8b1-5560-4a99-9baf-589ae7af2b26",
    "question_type": "scq",
    "answer_data": {
      "selected": "19"
    }
  }
},
{
  "model": "core.studentanswer",
  "pk": 1072,
  "fields": {
    "attempt": 505,
    "question_id": "b0336f5f-2399-46cf-a9db-f164551a3ae8",
    "question_type": "scq",
    "answer_data": {
      "selected": "16"
    }
  }
},
{
  "model": "core.studentanswer",
  "pk": 1073,
  "fields": {
    "attempt": 505,
    "question_id": "b3eb6172-8c21-4b08-ba10-7e6d3831d221",
    "question_type": "scq",
    "answer_data": {
      "selected": "19"
    }
  }
},
{
  "model": "core.studentanswer",
  "pk": 1074,
  "fields": {
    "attempt": 507,
    "question_id": "9ce72368-3160-4b3a-8bb6-58999e8482df",
    "question_type": "scq",
    "answer_data": {
      "selected": "Islamabad"
    }
  }
},
{
  "model": "core.studentanswer",
  "pk": 1075,
  "fields": {
    "attempt": 507,
    "question_id": "b0336f5f-2399-46cf-a9db-f164551a3ae8",
    "question_type": "scq",
    "answer_data": {
      "selected": "13"
    }
  }
},
{
  "model": "core.studentanswer",
  "pk": 1076,
  "fields": {
    "attempt": 507,
    "question_id": "107c46ee-f717-4cad-a67d-18b7ffc3d9c9",
    "question_type": "scq",
    "answer_data": {
      "selected": "22"
    }
  }
},
{
  "model": "core.studentanswer",
  "pk": 1077,
  "fields": {
    "attempt": 507,
    "question_id": "e278cbf4-9e6a-4db1-b632-da5d396dab4a",
    "question_type": "scq",
    "answer_data": {
      "selected": "11"
    }
  }
},
{
  "model": "core.studentanswer",
  "pk": 1078,
  "fields": {
    "attempt": 507,
    "question_id": "b6373211-b095-4f4c-aa39-76d0ec0304c2",
    "question_type": "scq",
    "answer_data": {
      "selected": "30"
    }
  }
},
{
  "model": "core.studentanswer",
  "pk": 1079,
  "fields": {
    "attempt": 507,
    "question_id": "b3eb6172-8c21-4b08-ba10-7e6d3831d221",
    "question_type": "scq",
    "answer_data": {
      "selected": "22"
    }
  }
},
{
  "model": "core.studentanswer",
  "pk": 1080,
  "fields": {
    "attempt": 507,
    "question_id": "d345b8b1-5560-4a99-9baf-589ae7af2b26",
    "question_type": "scq",
    "answer_data": {
      "selected": "18"
    }
  }
},
{
  "model": "core.studentanswer",
  "pk": 1081,
  "fields": {
    "attempt": 507,
    "question_id": "bc6b35f4-16b2-4edc-bcf3-d537206a32e5",
    "question_type": "scq",
    "answer_data": {
      "selected": "22"
    }
  }
},
{
  "model": "core.studentanswer",
  "pk": 1082,
  "fields": {
    "attempt": 507,
    "question_id": "233c7215-c176-49ff-8b6f-a2b781055e44",
    "question_type": "scq",
    "answer_data": {
      "selected": "16"
    }
  }
},
{
  "model": "core.studentanswer",
  "pk": 1083,
  "fields": {
    "attempt": 507,
    "question_id": "44726b4b-5166-4f28-a985-7db5bbb4057d",
    "question_type": "scq",
    "answer_data": {
      "selected": "22"
    }
  }
},
{
  "model": "core.studentanswer",
  "pk": 1084,
  "fields": {
    "attempt": 513,
    "question_id": "233c7215-c176-49ff-8b6f-a2b781055e44",
    "question_type": "scq",
    "answer_data": {
      "selected": "16"
    }
  }
},
{
  "model": "core.studentanswer",
  "pk": 1085,
  "fields": {
    "attempt": 513,
    "question_id": "d345b8b1-5560-4a99-9baf-589ae7af2b26",
    "question_type": "scq",
    "answer_data": {
      "selected": "17"
    }
  }
},
{
  "model": "core.studentanswer",
  "pk": 1086,
  "fields": {
    "attempt": 513,
    "question_id": "9ce72368-3160-4b3a-8bb6-58999e8482df",
    "question_type": "scq",
    "answer_data": {
      "selected": "Lahore"
    }
  }
},
{
  "model": "core.studentanswer",
  "pk": 1087,
  "fields": {
    "attempt": 513,
    "question_id": "b6373211-b095-4f4c-aa39-76d0ec0304c2",
    "question_type": "scq",
    "answer_data": {
      "selected": "22"
    }
  }
},
{
  "model": "core.studentanswer",
  "pk": 1088,
  "fields": {
    "attempt": 513,
    "question_id": "107c46ee-f717-4cad-a67d-18b7ffc3d9c9",
    "question_type": "scq",
    "answer_data": {
      "selected": "40"
    }
  }
},
{
  "model": "core.studentanswer",
  "pk": 1089,
  "fields": {
    "attempt": 513,
    "question_id": "bc6b35f4-16b2-4edc-bcf3-d537206a32e5",
    "question_type": "scq",
    "answer_data": {
      "selected": "33"
    }
  }
},
{
  "model": "core.studentanswer",
  "pk": 1090,
  "fields": {
    "attempt": 513,
    "question_id": "b3eb6172-8c21-4b08-ba10-7e6d3831d221",
    "question_type": "scq",
    "answer_data": {
      "selected": "22"
    }
  }
},
{
  "model": "core.studentanswer",
  "pk": 1091,
  "fields": {
    "attempt": 513,
    "question_id": "e278cbf4-9e6a-4db1-b632-da5d396dab4a",
    "question_type": "scq",
    "answer_data": {
      "selected": "12"
    }
  }
},
{
  "model": "core.studentanswer",
  "pk": 1092,
  "fields": {
    "attempt": 513,
    "question_id": "44726b4b-5166-4f28-a985-7db5bbb4057d",
    "question_type": "scq",
    "answer_data": {
      "selected": "40"
    }
  }
},
{
  "model": "core.studentanswer",
  "pk": 1093,
  "fields": {
    "attempt": 513,
    "question_id": "4fdc4e80-d406-48d2-b1b2-ac60a9269e32",
    "question_type": "scq",
    "answer_data": {
      "selected": "33"
    }
  }
},
{
  "model": "core.studentanswer",
  "pk": 1094,
  "fields": {
    "attempt": 517,
    "question_id": "b6373211-b095-4f4c-aa39-76d0ec0304c2",
    "question_type": "scq",
    "answer_data": {
      "selected": "30"
    }
  }
},
{
  "model": "core.studentanswer",
  "pk": 1095,
  "fields": {
    "attempt": 517,
    "question_id": "44726b4b-5166-4f28-a985-7db5bbb4057d",
    "question_type": "scq",
    "answer_data": {
      "selected": "33"
    }
  }
},
{
  "model": "core.studentanswer",
  "pk": 1096,
  "fields": {
    "attempt": 517,
    "question_id": "233c7215-c176-49ff-8b6f-a2b781055e44",
    "question_type": "scq",
    "answer_data": {
      "selected": "18"
    }
  }
},
{
  "model": "core.studentanswer",
  "pk": 1097,
  "fields": {
    "attempt": 517,
    "question_id": "d345b8b1-5560-4a99-9baf-589ae7af2b26",
    "question_type": "scq",
    "answer_data": {
      "selected": "19"
    }
  }
},
{
  "model": "core.studentanswer",
  "pk": 1098,
  "fields": {
    "attempt": 525,
    "question_id": "233c7215-c176-49ff-8b6f-a2b781055e44",
    "question_type": "scq",
    "answer_data": {
      "selected": "18"
    }
  }
},
{
  "model": "core.studentanswer",
  "pk": 1099,
  "fields": {
    "attempt": 525,
    "question_id": "bc6b35f4-16b2-4edc-bcf3-d537206a32e5",
    "question_type": "scq",
    "answer_data": {
      "selected": "33"
    }
  }
},
{
  "model": "core.studentanswer",
  "pk": 1100,
  "fields": {
    "attempt": 529,
    "question_id": "bc6b35f4-16b2-4edc-bcf3-d537206a32e5",
    "question_type": "scq",
    "answer_data": {
      "selected": "22"
    }
  }
},
{
  "model": "core.studentanswer",
  "pk": 1101,
  "fields": {
    "attempt": 529,
    "question_id": "4fdc4e80-d406-48d2-b1b2-ac60a9269e32",
    "question_type": "scq",
    "answer_data": {
      "selected": "22"
    }
  }
},
{
  "model": "core.studentanswer",
  "pk": 1102,
  "fields": {
    "attempt": 529,
    "question_id": "233c7215-c176-49ff-8b6f-a2b781055e44",
    "question_type": "scq",
    "answer_data": {
      "selected": "16"
    }
  }
},
{
  "model": "core.studentanswer",
  "pk": 1103,
  "fields": {
    "attempt": 529,
    "question_id": "107c46ee-f717-4cad-a67d-18b7ffc3d9c9",
    "question_type": "scq",
    "answer_data": {
      "selected": "22"
    }
  }
},
{
  "model": "core.studentanswer",
  "pk": 1104,
  "fields": {
    "attempt": 529,
    "question_id": "b6373211-b095-4f4c-aa39-76d0ec0304c2",
    "question_type": "scq",
    "answer_data": {
      "selected": "22"
    }
  }
},
{
  "model": "core.studentanswer",
  "pk": 1105,
  "fields": {
    "attempt": 529,
    "question_id": "b0336f5f-2399-46cf-a9db-f164551a3ae8",
    "question_type": "scq",
    "answer_data": {
      "selected": "14"
    }
  }
},
{
  "model": "core.studentanswer",
  "pk": 1106,
  "fields": {
    "attempt": 529,
    "question_id": "b3eb6172-8c21-4b08-ba10-7e6d3831d221",
    "question_type": "scq",
    "answer_data": {
      "selected": "20"
    }
  }
},
{
  "model": "core.studentanswer",
  "pk": 1107,
  "fields": {
    "attempt": 529,
    "question_id": "9ce72368-3160-4b3a-8bb6-58999e8482df",
    "question_type": "scq",
    "answer_data": {
      "selected": "Islamabad"
    }
  }
},
{
  "model": "core.studentanswer",
  "pk": 1108,
  "fields": {
    "attempt": 529,
    "question_id": "e278cbf4-9e6a-4db1-b632-da5d396dab4a",
    "question_type": "scq",
    "answer_data": {
      "selected": "11"
    }
  }
},
{
  "model": "core.studentanswer",
  "pk": 1109,
  "fields": {
    "attempt": 529,
    "question_id": "44726b4b-5166-4f28-a985-7db5bbb4057d",
    "question_type": "scq",
    "answer_data": {
      "selected": "33"
    }
  }
},
{
  "model": "core.studentanswer",
  "pk": 1110,
  "fields": {
    "attempt": 531,
    "question_id": "b6373211-b095-4f4c-aa39-76d0ec0304c2",
    "question_type": "scq",
    "answer_data": {
      "selected": "40"
    }
  }
},
{
  "model": "core.studentanswer",
  "pk": 1111,
  "fields": {
    "attempt": 531,
    "question_id": "bc6b35f4-16b2-4edc-bcf3-d537206a32e5",
    "question_type": "scq",
    "answer_data": {
      "selected": "40"
    }
  }
},
{
  "model": "core.studentanswer",
  "pk": 1112,
  "fields": {
    "attempt": 531,
    "question_id": "b3eb6172-8c21-4b08-ba10-7e6d3831d221",
    "question_type": "scq",
    "answer_data": {
      "selected": "19"
    }
  }
},
{
  "model": "core.studentanswer",
  "pk": 1113,
  "fields": {
    "attempt": 539,
    "question_id": "5777fdcc-93df-40ae-b019-e7099e22203b",
    "question_type": "scq",
    "answer_data": {
      "selected": "19"
    }
  }
},
{
  "model": "core.studentanswer",
  "pk": 1114,
  "fields": {
    "attempt": 539,
    "question_id": "233c7215-c176-49ff-8b6f-a2b781055e44",
    "question_type": "scq",
    "answer_data": {
      "selected": "18"
    }
  }
},
{
  "model": "core.studentanswer",
  "pk": 1115,
  "fields": {
    "attempt": 539,
    "question_id": "bc6b35f4-16b2-4edc-bcf3-d537206a32e5",
    "question_type": "scq",
    "answer_data": {
      "selected": "30"
    }
  }
},
{
  "model": "core.studentanswer",
  "pk": 1116,
  "fields": {
    "attempt": 539,
    "question_id": "b6373211-b095-4f4c-aa39-76d0ec0304c2",
    "question_type": "scq",
    "answer_data": {
      "selected": "33"
    }
  }
},
{
  "model": "core.studentanswer",
  "pk": 1117,
  "fields": {
    "attempt": 548,
    "question_id": "5777fdcc-93df-40ae-b019-e7099e22203b",
    "question_type": "scq",
    "answer_data": {
      "selected": "19"
    }
  }
},
{
  "model": "core.studentanswer",
  "pk": 1118,
  "fields": {
    "attempt": 548,
    "question_id": "7928bcc2-f9c0-4d9b-b696-caafe9626091",
    "question_type": "scq",
    "answer_data": {
      "selected": "20"
    }
  }
},
{
  "model": "core.studentanswer",
  "pk": 1119,
  "fields": {
    "attempt": 559,
    "question_id": "78ee10bf-6a6a-4c5b-a290-299aed6649e6",
    "question_type": "scq",
    "answer_data": {
      "selected": "19"
    }
  }
},
{
  "model": "core.studentanswer",
  "pk": 1120,
  "fields": {
    "attempt": 559,
    "question_id": "d6317ee0-ec45-4a19-8d91-dc3eb27d9a93",
    "question_type": "scq",
    "answer_data": {
      "selected": "19"
    }
  }
},
{
  "model": "core.studentanswer",
  "pk": 1121,
  "fields": {
    "attempt": 559,
    "question_id": "233c7215-c176-49ff-8b6f-a2b781055e44",
    "question_type": "scq",
    "answer_data": {
      "selected": "18"
    }
  }
},
{
  "model": "core.studentanswer",
  "pk": 1122,
  "fields": {
    "attempt": 559,
    "question_id": "27ffc09b-589e-4bcc-b577-65521d773e86",
    "question_type": "scq",
    "answer_data": {
      "selected": "19"
    }
  }
},
{
  "model": "core.studentanswer",
  "pk": 1123,
  "fields": {
    "attempt": 559,
    "question_id": "44726b4b-5166-4f28-a985-7db5bbb4057d",
    "question_type": "scq",
    "answer_data": {
      "selected": "33"
    }
  }
},
{
  "model": "core.studentanswer",
  "pk": 1125,
  "fields": {
    "attempt": 559,
    "question_id": "bc6b35f4-16b2-4edc-bcf3-d537206a32e5",
    "question_type": "scq",
    "answer_data": {
      "selected": "40"
    }
  }
},
{
  "model": "core.studentanswer",
  "pk": 1126,
  "fields": {
    "attempt": 559,
    "question_id": "107c46ee-f717-4cad-a67d-18b7ffc3d9c9",
    "question_type": "scq",
    "answer_data": {
      "selected": "40"
    }
  }
},
{
  "model": "core.studentanswer",
  "pk": 1127,
  "fields": {
    "attempt": 559,
    "question_id": "7928bcc2-f9c0-4d9b-b696-caafe9626091",
    "question_type": "scq",
    "answer_data": {
      "selected": "21"
    }
  }
},
{
  "model": "core.studentanswer",
  "pk": 1128,
  "fields": {
    "attempt": 559,
    "question_id": "b0336f5f-2399-46cf-a9db-f164551a3ae8",
    "question_type": "scq",
    "answer_data": {
      "selected": "14"
    }
  }
},
{
  "model": "core.studentanswer",
  "pk": 1129,
  "fields": {
    "attempt": 559,
    "question_id": "b6373211-b095-4f4c-aa39-76d0ec0304c2",
    "question_type": "scq",
    "answer_data": {
      "selected": "22"
    }
  }
},
{
  "model": "core.studentanswer",
  "pk": 1130,
  "fields": {
    "attempt": 559,
    "question_id": "b3eb6172-8c21-4b08-ba10-7e6d3831d221",
    "question_type": "scq",
    "answer_data": {
      "selected": "22"
    }
  }
},
{
  "model": "core.studentanswer",
  "pk": 1131,
  "fields": {
    "attempt": 559,
    "question_id": "35d14b18-11d0-49fc-a326-dbc33101abf8",
    "question_type": "scq",
    "answer_data": {
      "selected": "30"
    }
  }
},
{
  "model": "core.studentanswer",
  "pk": 1132,
  "fields": {
    "attempt": 559,
    "question_id": "d345b8b1-5560-4a99-9baf-589ae7af2b26",
    "question_type": "scq",
    "answer_data": {
      "selected": "19"
    }
  }
},
{
  "model": "core.studentanswer",
  "pk": 1133,
  "fields": {
    "attempt": 559,
    "question_id": "50f7a1a3-30b0-4b2e-8c08-0a0f125866e0",
    "question_type": "scq",
    "answer_data": {
      "selected": "19"
    }
  }
},
{
  "model": "core.studentanswer",
  "pk": 1134,
  "fields": {
    "attempt": 559,
    "question_id": "e278cbf4-9e6a-4db1-b632-da5d396dab4a",
    "question_type": "scq",
    "answer_data": {
      "selected": "12"
    }
  }
},
{
  "model": "core.studentanswer",
  "pk": 1135,
  "fields": {
    "attempt": 559,
    "question_id": "ccebd6b2-4fd9-4bd8-9d07-a4a78910617a",
    "question_type": "scq",
    "answer_data": {
      "selected": "33"
    }
  }
},
{
  "model": "core.studentanswer",
  "pk": 1136,
  "fields": {
    "attempt": 559,
    "question_id": "a777d7d6-1663-440f-b83d-4d12f1b01a47",
    "question_type": "scq",
    "answer_data": {
      "selected": "20"
    }
  }
},
{
  "model": "core.studentanswer",
  "pk": 1137,
  "fields": {
    "attempt": 559,
    "question_id": "d9e591c9-b336-4174-99e0-94cdb0d10021",
    "question_type": "scq",
    "answer_data": {
      "selected": "20"
    }
  }
},
{
  "model": "core.studentanswer",
  "pk": 1138,
  "fields": {
    "attempt": 559,
    "question_id": "9ce72368-3160-4b3a-8bb6-58999e8482df",
    "question_type": "scq",
    "answer_data": {
      "selected": "Lahore"
    }
  }
},
{
  "model": "core.studentanswer",
  "pk": 1139,
  "fields": {
    "attempt": 559,
    "question_id": "7d88e3b1-04a3-4167-a72e-688c4cda04ef",
    "question_type": "scq",
    "answer_data": {
      "selected": "19"
    }
  }
},
{
  "model": "core.studentanswer",
  "pk": 1140,
  "fields": {
    "attempt": 571,
    "question_id": "7d88e3b1-04a3-4167-a72e-688c4cda04ef",
    "question_type": "scq",
    "answer_data": {
      "selected": "21"
    }
  }
},
{
  "model": "core.studentanswer",
  "pk": 1141,
  "fields": {
    "attempt": 571,
    "question_id": "35d14b18-11d0-49fc-a326-dbc33101abf8",
    "question_type": "scq",
    "answer_data": {
      "selected": "22"
    }
  }
},
{
  "model": "core.studentanswer",
  "pk": 1142,
  "fields": {
    "attempt": 571,
    "question_id": "233c7215-c176-49ff-8b6f-a2b781055e44",
    "question_type": "scq",
    "answer_data": {
      "selected": "18"
    }
  }
},
{
  "model": "core.studentanswer",
  "pk": 1143,
  "fields": {
    "attempt": 571,
    "question_id": "5777fdcc-93df-40ae-b019-e7099e22203b",
    "question_type": "scq",
    "answer_data": {
      "selected": "21"
    }
  }
},
{
  "model": "core.studentanswer",
  "pk": 1144,
  "fields": {
    "attempt": 571,
    "question_id": "a777d7d6-1663-440f-b83d-4d12f1b01a47",
    "question_type": "scq",
    "answer_data": {
      "selected": "20"
    }
  }
},
{
  "model": "core.studentanswer",
  "pk": 1145,
  "fields": {
    "attempt": 571,
    "question_id": "b3eb6172-8c21-4b08-ba10-7e6d3831d221",
    "question_type": "scq",
    "answer_data": {
      "selected": "22"
    }
  }
},
{
  "model": "core.studentanswer",
  "pk": 1146,
  "fields": {
    "attempt": 571,
    "question_id": "bc6b35f4-16b2-4edc-bcf3-d537206a32e5",
    "question_type": "scq",
    "answer_data": {
      "selected": "22"
    }
  }
},
{
  "model": "core.studentanswer",
  "pk": 1147,
  "fields": {
    "attempt": 571,
    "question_id": "107c46ee-f717-4cad-a67d-18b7ffc3d9c9",
    "question_type": "scq",
    "answer_data": {
      "selected": "33"
    }
  }
},
{
  "model": "core.studentanswer",
  "pk": 1148,
  "fields": {
    "attempt": 571,
    "question_id": "b2694440-ba32-45f1-86d1-ee36ff6837bc",
    "question_type": "scq",
    "answer_data": {
      "selected": "19"
    }
  }
},
{
  "model": "core.studentanswer",
  "pk": 1149,
  "fields": {
    "attempt": 571,
    "question_id": "52979376-cd64-48df-903d-6885033cb026",
    "question_type": "scq",
    "answer_data": {
      "selected": "19"
    }
  }
},
{
  "model": "core.studentanswer",
  "pk": 1150,
  "fields": {
    "attempt": 571,
    "question_id": "27ffc09b-589e-4bcc-b577-65521d773e86",
    "question_type": "scq",
    "answer_data": {
      "selected": "21"
    }
  }
},
{
  "model": "core.studentanswer",
  "pk": 1151,
  "fields": {
    "attempt": 571,
    "question_id": "d345b8b1-5560-4a99-9baf-589ae7af2b26",
    "question_type": "scq",
    "answer_data": {
      "selected": "20"
    }
  }
},
{
  "model": "core.studentanswer",
  "pk": 1152,
  "fields": {
    "attempt": 571,
    "question_id": "ccebd6b2-4fd9-4bd8-9d07-a4a78910617a",
    "question_type": "scq",
    "answer_data": {
      "selected": "22"
    }
  }
},
{
  "model": "core.studentanswer",
  "pk": 1153,
  "fields": {
    "attempt": 571,
    "question_id": "b0336f5f-2399-46cf-a9db-f164551a3ae8",
    "question_type": "scq",
    "answer_data": {
      "selected": "16"
    }
  }
},
{
  "model": "core.studentanswer",
  "pk": 1154,
  "fields": {
    "attempt": 571,
    "question_id": "4fdc4e80-d406-48d2-b1b2-ac60a9269e32",
    "question_type": "scq",
    "answer_data": {
      "selected": "30"
    }
  }
},
{
  "model": "core.studentanswer",
  "pk": 1155,
  "fields": {
    "attempt": 571,
    "question_id": "b6373211-b095-4f4c-aa39-76d0ec0304c2",
    "question_type": "scq",
    "answer_data": {
      "selected": "30"
    }
  }
},
{
  "model": "core.studentanswer",
  "pk": 1156,
  "fields": {
    "attempt": 571,
    "question_id": "7928bcc2-f9c0-4d9b-b696-caafe9626091",
    "question_type": "scq",
    "answer_data": {
      "selected": "19"
    }
  }
},
{
  "model": "core.studentanswer",
  "pk": 1157,
  "fields": {
    "attempt": 571,
    "question_id": "d03949f3-10a0-4643-be76-59bdffdc694d",
    "question_type": "scq",
    "answer_data": {
      "selected": "20"
    }
  }
},
{
  "model": "core.studentanswer",
  "pk": 1158,
  "fields": {
    "attempt": 571,
    "question_id": "d9e591c9-b336-4174-99e0-94cdb0d10021",
    "question_type": "scq",
    "answer_data": {
      "selected": "20"
    }
  }
},
{
  "model": "core.studentanswer",
  "pk": 1161,
  "fields": {
    "attempt": 571,
    "question_id": "9ce72368-3160-4b3a-8bb6-58999e8482df",
    "question_type": "scq",
    "answer_data": {
      "selected": "Islamabad"
    }
  }
},
{
  "model": "auth.permission",
  "fields": {
    "name": "Can add log entry",
    "content_type": [
      "admin",
      "logentry"
    ],
    "codename": "add_logentry"
  }
},
{
  "model": "auth.permission",
  "fields": {
    "name": "Can change log entry",
    "content_type": [
      "admin",
      "logentry"
    ],
    "codename": "change_logentry"
  }
},
{
  "model": "auth.permission",
  "fields": {
    "name": "Can delete log entry",
    "content_type": [
      "admin",
      "logentry"
    ],
    "codename": "delete_logentry"
  }
},
{
  "model": "auth.permission",
  "fields": {
    "name": "Can view log entry",
    "content_type": [
      "admin",
      "logentry"
    ],
    "codename": "view_logentry"
  }
},
{
  "model": "auth.permission",
  "fields": {
    "name": "Can add permission",
    "content_type": [
      "auth",
      "permission"
    ],
    "codename": "add_permission"
  }
},
{
  "model": "auth.permission",
  "fields": {
    "name": "Can change permission",
    "content_type": [
      "auth",
      "permission"
    ],
    "codename": "change_permission"
  }
},
{
  "model": "auth.permission",
  "fields": {
    "name": "Can delete permission",
    "content_type": [
      "auth",
      "permission"
    ],
    "codename": "delete_permission"
  }
},
{
  "model": "auth.permission",
  "fields": {
    "name": "Can view permission",
    "content_type": [
      "auth",
      "permission"
    ],
    "codename": "view_permission"
  }
},
{
  "model": "auth.permission",
  "fields": {
    "name": "Can add group",
    "content_type": [
      "auth",
      "group"
    ],
    "codename": "add_group"
  }
},
{
  "model": "auth.permission",
  "fields": {
    "name": "Can change group",
    "content_type": [
      "auth",
      "group"
    ],
    "codename": "change_group"
  }
},
{
  "model": "auth.permission",
  "fields": {
    "name": "Can delete group",
    "content_type": [
      "auth",
      "group"
    ],
    "codename": "delete_group"
  }
},
{
  "model": "auth.permission",
  "fields": {
    "name": "Can view group",
    "content_type": [
      "auth",
      "group"
    ],
    "codename": "view_group"
  }
},
{
  "model": "auth.permission",
  "fields": {
    "name": "Can add content type",
    "content_type": [
      "contenttypes",
      "contenttype"
    ],
    "codename": "add_contenttype"
  }
},
{
  "model": "auth.permission",
  "fields": {
    "name": "Can change content type",
    "content_type": [
      "contenttypes",
      "contenttype"
    ],
    "codename": "change_contenttype"
  }
},
{
  "model": "auth.permission",
  "fields": {
    "name": "Can delete content type",
    "content_type": [
      "contenttypes",
      "contenttype"
    ],
    "codename": "delete_contenttype"
  }
},
{
  "model": "auth.permission",
  "fields": {
    "name": "Can view content type",
    "content_type": [
      "contenttypes",
      "contenttype"
    ],
    "codename": "view_contenttype"
  }
},
{
  "model": "auth.permission",
  "fields": {
    "name": "Can add session",
    "content_type": [
      "sessions",
      "session"
    ],
    "codename": "add_session"
  }
},
{
  "model": "auth.permission",
  "fields": {
    "name": "Can change session",
    "content_type": [
      "sessions",
      "session"
    ],
    "codename": "change_session"
  }
},
{
  "model": "auth.permission",
  "fields": {
    "name": "Can delete session",
    "content_type": [
      "sessions",
      "session"
    ],
    "codename": "delete_session"
  }
},
{
  "model": "auth.permission",
  "fields": {
    "name": "Can view session",
    "content_type": [
      "sessions",
      "session"
    ],
    "codename": "view_session"
  }
},
{
  "model": "auth.permission",
  "fields": {
    "name": "Can add user",
    "content_type": [
      "core",
      "user"
    ],
    "codename": "add_user"
  }
},
{
  "model": "auth.permission",
  "fields": {
    "name": "Can change user",
    "content_type": [
      "core",
      "user"
    ],
    "codename": "change_user"
  }
},
{
  "model": "auth.permission",
  "fields": {
    "name": "Can delete user",
    "content_type": [
      "core",
      "user"
    ],
    "codename": "delete_user"
  }
},
{
  "model": "auth.permission",
  "fields": {
    "name": "Can view user",
    "content_type": [
      "core",
      "user"
    ],
    "codename": "view_user"
  }
},
{
  "model": "auth.permission",
  "fields": {
    "name": "Can add chapter",
    "content_type": [
      "core",
      "chapter"
    ],
    "codename": "add_chapter"
  }
},
{
  "model": "auth.permission",
  "fields": {
    "name": "Can change chapter",
    "content_type": [
      "core",
      "chapter"
    ],
    "codename": "change_chapter"
  }
},
{
  "model": "auth.permission",
  "fields": {
    "name": "Can delete chapter",
    "content_type": [
      "core",
      "chapter"
    ],
    "codename": "delete_chapter"
  }
},
{
  "model": "auth.permission",
  "fields": {
    "name": "Can view chapter",
    "content_type": [
      "core",
      "chapter"
    ],
    "codename": "view_chapter"
  }
},
{
  "model": "auth.permission",
  "fields": {
    "name": "Can add grade",
    "content_type": [
      "core",
      "grade"
    ],
    "codename": "add_grade"
  }
},
{
  "model": "auth.permission",
  "fields": {
    "name": "Can change grade",
    "content_type": [
      "core",
      "grade"
    ],
    "codename": "change_grade"
  }
},
{
  "model": "auth.permission",
  "fields": {
    "name": "Can delete grade",
    "content_type": [
      "core",
      "grade"
    ],
    "codename": "delete_grade"
  }
},
{
  "model": "auth.permission",
  "fields": {
    "name": "Can view grade",
    "content_type": [
      "core",
      "grade"
    ],
    "codename": "view_grade"
  }
},
{
  "model": "auth.permission",
  "fields": {
    "name": "Can add Question Bank",
    "content_type": [
      "core",
      "questionbank"
    ],
    "codename": "add_questionbank"
  }
},
{
  "model": "auth.permission",
  "fields": {
    "name": "Can change Question Bank",
    "content_type": [
      "core",
      "questionbank"
    ],
    "codename": "change_questionbank"
  }
},
{
  "model": "auth.permission",
  "fields": {
    "name": "Can delete Question Bank",
    "content_type": [
      "core",
      "questionbank"
    ],
    "codename": "delete_questionbank"
  }
},
{
  "model": "auth.permission",
  "fields": {
    "name": "Can view Question Bank",
    "content_type": [
      "core",
      "questionbank"
    ],
    "codename": "view_questionbank"
  }
},
{
  "model": "auth.permission",
  "fields": {
    "name": "Can add quiz",
    "content_type": [
      "core",
      "quiz"
    ],
    "codename": "add_quiz"
  }
},
{
  "model": "auth.permission",
  "fields": {
    "name": "Can change quiz",
    "content_type": [
      "core",
      "quiz"
    ],
    "codename": "change_quiz"
  }
},
{
  "model": "auth.permission",
  "fields": {
    "name": "Can delete quiz",
    "content_type": [
      "core",
      "quiz"
    ],
    "codename": "delete_quiz"
  }
},
{
  "model": "auth.permission",
  "fields": {
    "name": "Can view quiz",
    "content_type": [
      "core",
      "quiz"
    ],
    "codename": "view_quiz"
  }
},
{
  "model": "auth.permission",
  "fields": {
    "name": "Can add subject",
    "content_type": [
      "core",
      "subject"
    ],
    "codename": "add_subject"
  }
},
{
  "model": "auth.permission",
  "fields": {
    "name": "Can change subject",
    "content_type": [
      "core",
      "subject"
    ],
    "codename": "change_subject"
  }
},
{
  "model": "auth.permission",
  "fields": {
    "name": "Can delete subject",
    "content_type": [
      "core",
      "subject"
    ],
    "codename": "delete_subject"
  }
},
{
  "model": "auth.permission",
  "fields": {
    "name": "Can view subject",
    "content_type": [
      "core",
      "subject"
    ],
    "codename": "view_subject"
  }
},
{
  "model": "auth.permission",
  "fields": {
    "name": "Can add student quiz attempt",
    "content_type": [
      "core",
      "studentquizattempt"
    ],
    "codename": "add_studentquizattempt"
  }
},
{
  "model": "auth.permission",
  "fields": {
    "name": "Can change student quiz attempt",
    "content_type": [
      "core",
      "studentquizattempt"
    ],
    "codename": "change_studentquizattempt"
  }
},
{
  "model": "auth.permission",
  "fields": {
    "name": "Can delete student quiz attempt",
    "content_type": [
      "core",
      "studentquizattempt"
    ],
    "codename": "delete_studentquizattempt"
  }
},
{
  "model": "auth.permission",
  "fields": {
    "name": "Can view student quiz attempt",
    "content_type": [
      "core",
      "studentquizattempt"
    ],
    "codename": "view_studentquizattempt"
  }
},
{
  "model": "auth.permission",
  "fields": {
    "name": "Can add student answer",
    "content_type": [
      "core",
      "studentanswer"
    ],
    "codename": "add_studentanswer"
  }
},
{
  "model": "auth.permission",
  "fields": {
    "name": "Can change student answer",
    "content_type": [
      "core",
      "studentanswer"
    ],
    "codename": "change_studentanswer"
  }
},
{
  "model": "auth.permission",
  "fields": {
    "name": "Can delete student answer",
    "content_type": [
      "core",
      "studentanswer"
    ],
    "codename": "delete_studentanswer"
  }
},
{
  "model": "auth.permission",
  "fields": {
    "name": "Can view student answer",
    "content_type": [
      "core",
      "studentanswer"
    ],
    "codename": "view_studentanswer"
  }
},
{
  "model": "auth.permission",
  "fields": {
    "name": "Can add scq question",
    "content_type": [
      "core",
      "scqquestion"
    ],
    "codename": "add_scqquestion"
  }
},
{
  "model": "auth.permission",
  "fields": {
    "name": "Can change scq question",
    "content_type": [
      "core",
      "scqquestion"
    ],
    "codename": "change_scqquestion"
  }
},
{
  "model": "auth.permission",
  "fields": {
    "name": "Can delete scq question",
    "content_type": [
      "core",
      "scqquestion"
    ],
    "codename": "delete_scqquestion"
  }
},
{
  "model": "auth.permission",
  "fields": {
    "name": "Can view scq question",
    "content_type": [
      "core",
      "scqquestion"
    ],
    "codename": "view_scqquestion"
  }
},
{
  "model": "auth.permission",
  "fields": {
    "name": "Can add quiz question assignment",
    "content_type": [
      "core",
      "quizquestionassignment"
    ],
    "codename": "add_quizquestionassignment"
  }
},
{
  "model": "auth.permission",
  "fields": {
    "name": "Can change quiz question assignment",
    "content_type": [
      "core",
      "quizquestionassignment"
    ],
    "codename": "change_quizquestionassignment"
  }
},
{
  "model": "auth.permission",
  "fields": {
    "name": "Can delete quiz question assignment",
    "content_type": [
      "core",
      "quizquestionassignment"
    ],
    "codename": "delete_quizquestionassignment"
  }
},
{
  "model": "auth.permission",
  "fields": {
    "name": "Can view quiz question assignment",
    "content_type": [
      "core",
      "quizquestionassignment"
    ],
    "codename": "view_quizquestionassignment"
  }
},
{
  "model": "auth.permission",
  "fields": {
    "name": "Can add quiz attempt",
    "content_type": [
      "core",
      "quizattempt"
    ],
    "codename": "add_quizattempt"
  }
},
{
  "model": "auth.permission",
  "fields": {
    "name": "Can change quiz attempt",
    "content_type": [
      "core",
      "quizattempt"
    ],
    "codename": "change_quizattempt"
  }
},
{
  "model": "auth.permission",
  "fields": {
    "name": "Can delete quiz attempt",
    "content_type": [
      "core",
      "quizattempt"
    ],
    "codename": "delete_quizattempt"
  }
},
{
  "model": "auth.permission",
  "fields": {
    "name": "Can view quiz attempt",
    "content_type": [
      "core",
      "quizattempt"
    ],
    "codename": "view_quizattempt"
  }
},
{
  "model": "auth.permission",
  "fields": {
    "name": "Can add mcq question",
    "content_type": [
      "core",
      "mcqquestion"
    ],
    "codename": "add_mcqquestion"
  }
},
{
  "model": "auth.permission",
  "fields": {
    "name": "Can change mcq question",
    "content_type": [
      "core",
      "mcqquestion"
    ],
    "codename": "change_mcqquestion"
  }
},
{
  "model": "auth.permission",
  "fields": {
    "name": "Can delete mcq question",
    "content_type": [
      "core",
      "mcqquestion"
    ],
    "codename": "delete_mcqquestion"
  }
},
{
  "model": "auth.permission",
  "fields": {
    "name": "Can view mcq question",
    "content_type": [
      "core",
      "mcqquestion"
    ],
    "codename": "view_mcqquestion"
  }
},
{
  "model": "auth.permission",
  "fields": {
    "name": "Can add fib question",
    "content_type": [
      "core",
      "fibquestion"
    ],
    "codename": "add_fibquestion"
  }
},
{
  "model": "auth.permission",
  "fields": {
    "name": "Can change fib question",
    "content_type": [
      "core",
      "fibquestion"
    ],
    "codename": "change_fibquestion"
  }
},
{
  "model": "auth.permission",
  "fields": {
    "name": "Can delete fib question",
    "content_type": [
      "core",
      "fibquestion"
    ],
    "codename": "delete_fibquestion"
  }
},
{
  "model": "auth.permission",
  "fields": {
    "name": "Can view fib question",
    "content_type": [
      "core",
      "fibquestion"
    ],
    "codename": "view_fibquestion"
  }
},
{
  "model": "core.user",
  "fields": {
    "password": "pbkdf2_sha256$600000$RQJOpQ2fIw0BpGcQ8jCme3$qOJnxuw9PyNN9aynO3yMu/aA2gl5DbxLuLgVgVdNBKs=",
    "last_login": "2025-06-29T09:56:44.899Z",
    "is_superuser": true,
    "username": "syedamirshah",
    "first_name": "",
    "last_name": "",
    "is_staff": true,
    "date_joined": "2025-06-14T17:28:13.558Z",
    "role": "admin",
    "full_name": null,
    "gender": null,
    "language_used_at_home": "Pashto",
    "email": "syedamirshah@gmail.com",
    "schooling_status": null,
    "grade": null,
    "school_name": null,
    "city": null,
    "province": null,
    "subscription_plan": null,
    "subscription_expiry": null,
    "profile_picture": "",
    "fee_receipt": "",
    "account_status": "active",
    "is_active": true,
    "grade_change_count": 0,
    "last_grade_reset": null,
    "renewal_requested": false,
    "renewal_plan_requested": null,
    "groups": [],
    "user_permissions": []
  }
},
{
  "model": "core.user",
  "fields": {
    "password": "pbkdf2_sha256$600000$S7A3WvbaPRp4ZKT0KsyKuQ$nfvvkyRmQlPnsJbDgB90c+Z08v/fYge69D5Pa5TJQik=",
    "last_login": null,
    "is_superuser": false,
    "username": "student2",
    "first_name": "",
    "last_name": "",
    "is_staff": false,
    "date_joined": "2025-06-14T17:30:43.249Z",
    "role": "student",
    "full_name": "Studen Two",
    "gender": "Male",
    "language_used_at_home": "Saraiki",
    "email": "student2@example.com",
    "schooling_status": "Homeschool",
    "grade": "Grade 2",
    "school_name": "Beaconhouse",
    "city": "Quetta",
    "province": "Sindh",
    "subscription_plan": "monthly",
    "subscription_expiry": "2026-09-30",
    "profile_picture": "",
    "fee_receipt": "fee_receipts/Screen_Shot_2025-01-06_at_2.49.29_PM.png",
    "account_status": "active",
    "is_active": true,
    "grade_change_count": 0,
    "last_grade_reset": null,
    "renewal_requested": true,
    "renewal_plan_requested": null,
    "groups": [],
    "user_permissions": []
  }
},
{
  "model": "core.user",
  "fields": {
    "password": "pbkdf2_sha256$600000$1y209UK6OaBKxLzWmofXPk$Bug9qz5tU3IS8waRQFJbkJpp8j3tHm7E6/4hUh42dTs=",
    "last_login": null,
    "is_superuser": false,
    "username": "student3",
    "first_name": "",
    "last_name": "",
    "is_staff": false,
    "date_joined": "2025-06-14T17:30:43.444Z",
    "role": "student",
    "full_name": "Student Three Three",
    "gender": "Male",
    "language_used_at_home": "Punjabi",
    "email": "student3@learnifypak.com",
    "schooling_status": "Homeschool",
    "grade": "2",
    "school_name": "Beaconhouse",
    "city": "Quetta",
    "province": "Balochistan",
    "subscription_plan": "monthly",
    "subscription_expiry": "2025-07-14",
    "profile_picture": "profile_pics/Screenshot_2025-07-02_at_3.18.04PM.png",
    "fee_receipt": "",
    "account_status": "active",
    "is_active": true,
    "grade_change_count": 1,
    "last_grade_reset": "2025-07-03",
    "renewal_requested": false,
    "renewal_plan_requested": null,
    "groups": [],
    "user_permissions": []
  }
},
{
  "model": "core.user",
  "fields": {
    "password": "pbkdf2_sha256$600000$qH4sQAfugbZxGSMcUtAm42$W2FFls5F/RZB3kuUuOvV44iYSrkk6D8AWkFU+ilysrs=",
    "last_login": null,
    "is_superuser": false,
    "username": "teacher1",
    "first_name": "",
    "last_name": "",
    "is_staff": true,
    "date_joined": "2025-06-14T17:30:43.829Z",
    "role": "teacher",
    "full_name": "Teacher One",
    "gender": "Female",
    "language_used_at_home": "Sindhi",
    "email": "teacher1@example.com",
    "schooling_status": "I am teacher",
    "grade": "NA",
    "school_name": "Beaconhouse",
    "city": "Quetta",
    "province": "Balochistan",
    "subscription_plan": "monthly",
    "subscription_expiry": "2025-07-23",
    "profile_picture": "",
    "fee_receipt": "",
    "account_status": "active",
    "is_active": true,
    "grade_change_count": 0,
    "last_grade_reset": null,
    "renewal_requested": false,
    "renewal_plan_requested": null,
    "groups": [],
    "user_permissions": []
  }
},
{
  "model": "core.user",
  "fields": {
    "password": "pbkdf2_sha256$600000$6idLFVqwvneySkcqAggdCO$Xo7dao53FT7U+IBwQDeLAGDx7GINxtKXGDWHeaE53fY=",
    "last_login": null,
    "is_superuser": false,
    "username": "student7",
    "first_name": "",
    "last_name": "",
    "is_staff": false,
    "date_joined": "2025-06-14T17:30:44.214Z",
    "role": "student",
    "full_name": "Student Seven Seven",
    "gender": "Male",
    "language_used_at_home": "Balochi",
    "email": "student7@learnifypak.com",
    "schooling_status": "Public school",
    "grade": "2",
    "school_name": "Beaconhouse",
    "city": "Quetta",
    "province": "Balochistan",
    "subscription_plan": "monthly",
    "subscription_expiry": "2025-07-14",
    "profile_picture": "profile_pics/Screenshot_2025-07-02_at_3.51.19PM.png",
    "fee_receipt": "",
    "account_status": "active",
    "is_active": true,
    "grade_change_count": 1,
    "last_grade_reset": "2025-07-03",
    "renewal_requested": false,
    "renewal_plan_requested": null,
    "groups": [],
    "user_permissions": []
  }
},
{
  "model": "core.user",
  "fields": {
    "password": "pbkdf2_sha256$600000$ISVDx03yRQVu40oQDvTe7c$4O2JnBobxR0DesJy81aQtY53z8+ib5V9vikeX2H9CM0=",
    "last_login": null,
    "is_superuser": false,
    "username": "student9",
    "first_name": "",
    "last_name": "",
    "is_staff": false,
    "date_joined": "2025-06-14T17:30:44.603Z",
    "role": "student",
    "full_name": "Student Nine",
    "gender": "Male",
    "language_used_at_home": "Dari/Farsi",
    "email": "student9@example.com",
    "schooling_status": "Public school",
    "grade": "Grade 4",
    "school_name": "Iqra Public School",
    "city": "Quetta",
    "province": "Balochistan",
    "subscription_plan": "monthly",
    "subscription_expiry": "2025-07-14",
    "profile_picture": "",
    "fee_receipt": "",
    "account_status": "active",
    "is_active": true,
    "grade_change_count": 0,
    "last_grade_reset": null,
    "renewal_requested": false,
    "renewal_plan_requested": null,
    "groups": [],
    "user_permissions": []
  }
},
{
  "model": "core.user",
  "fields": {
    "password": "pbkdf2_sha256$600000$glo0WpHsmGsmPuRaAQqjaU$Eez71IzHUxTFVRnhZC6EQkdWjWbYROaUidk4ifakGIc=",
    "last_login": null,
    "is_superuser": false,
    "username": "student10",
    "first_name": "",
    "last_name": "",
    "is_staff": false,
    "date_joined": "2025-06-14T17:30:44.797Z",
    "role": "student",
    "full_name": "Student Ten",
    "gender": "Female",
    "language_used_at_home": "Brahui",
    "email": "student10@example.com",
    "schooling_status": "Public school",
    "grade": "Grade 5",
    "school_name": "Iqra Public School",
    "city": "Quetta",
    "province": "Balochistan",
    "subscription_plan": "yearly",
    "subscription_expiry": "2025-07-16",
    "profile_picture": "",
    "fee_receipt": "",
    "account_status": "active",
    "is_active": true,
    "grade_change_count": 0,
    "last_grade_reset": null,
    "renewal_requested": false,
    "renewal_plan_requested": null,
    "groups": [],
    "user_permissions": []
  }
},
{
  "model": "core.user",
  "fields": {
    "password": "pbkdf2_sha256$600000$0eps4xW1Ji5gULrq3KHyKr$txl6o24y00gvMHPj6ttskx3L/oET1D8wbev0SFOpvIs=",
    "last_login": "2025-06-29T07:55:53.817Z",
    "is_superuser": false,
    "username": "manager1",
    "first_name": "",
    "last_name": "",
    "is_staff": true,
    "date_joined": "2025-06-23T02:41:26.200Z",
    "role": "manager",
    "full_name": "Manager One",
    "gender": "Female",
    "language_used_at_home": "Chitrali",
    "email": "manager1@gmail.com",
    "schooling_status": "I am teacher",
    "grade": null,
    "school_name": null,
    "city": null,
    "province": "Gilgit-Baltistan",
    "subscription_plan": null,
    "subscription_expiry": null,
    "profile_picture": "",
    "fee_receipt": "",
    "account_status": "inactive",
    "is_active": false,
    "grade_change_count": 0,
    "last_grade_reset": null,
    "renewal_requested": false,
    "renewal_plan_requested": null,
    "groups": [],
    "user_permissions": []
  }
},
{
  "model": "core.user",
  "fields": {
    "password": "pbkdf2_sha256$600000$H5DBLtlU8oX5DO9gTT7JE9$boBr4fUZWQuFWVlxAmDCjgdKsvVDomm4xUek/LKNaL0=",
    "last_login": null,
    "is_superuser": false,
    "username": "student007",
    "first_name": "",
    "last_name": "",
    "is_staff": false,
    "date_joined": "2025-06-27T05:19:00.024Z",
    "role": "student",
    "full_name": "Student Bond",
    "gender": "Male",
    "language_used_at_home": "Other",
    "email": "amirshah81@hotmail.com",
    "schooling_status": "Madrassah",
    "grade": "Grade 5",
    "school_name": "Iqra Public School",
    "city": "Quetta",
    "province": "Balochistan",
    "subscription_plan": null,
    "subscription_expiry": "2025-09-03",
    "profile_picture": "",
    "fee_receipt": "",
    "account_status": "active",
    "is_active": true,
    "grade_change_count": 0,
    "last_grade_reset": null,
    "renewal_requested": false,
    "renewal_plan_requested": null,
    "groups": [],
    "user_permissions": []
  }
},
{
  "model": "core.user",
  "fields": {
    "password": "pbkdf2_sha256$600000$jvFmxZmEIKVC2kwj9lZdKH$yetdtt8tjMwhK8CBtN23aWEkzRFN0hUFqnIxP8pghO0=",
    "last_login": null,
    "is_superuser": false,
    "username": "student_NEW",
    "first_name": "",
    "last_name": "",
    "is_staff": false,
    "date_joined": "2025-06-27T14:51:05.425Z",
    "role": "student",
    "full_name": "Syed Amir Shah",
    "gender": "Female",
    "language_used_at_home": "Pashto",
    "email": "amir_stut@gmail.com",
    "schooling_status": "Madrassah",
    "grade": "Grade 2",
    "school_name": "Army Pubic School",
    "city": "Quetta",
    "province": "Balochistan",
    "subscription_plan": "Monthly",
    "subscription_expiry": "2025-08-28",
    "profile_picture": "",
    "fee_receipt": "",
    "account_status": "active",
    "is_active": true,
    "grade_change_count": 0,
    "last_grade_reset": null,
    "renewal_requested": false,
    "renewal_plan_requested": null,
    "groups": [],
    "user_permissions": []
  }
},
{
  "model": "core.user",
  "fields": {
    "password": "pbkdf2_sha256$600000$hamW7s5JjLr3GsXIGhrDx8$n5/YRzh7oS7fGlRssbdBQBnBUg6PCguwZ/wA9FcJ2Ow=",
    "last_login": null,
    "is_superuser": false,
    "username": "student_trial",
    "first_name": "",
    "last_name": "",
    "is_staff": false,
    "date_joined": "2025-06-29T04:21:19.881Z",
    "role": "student",
    "full_name": "Student Trial",
    "gender": "Male",
    "language_used_at_home": "Chitrali",
    "email": "amir_student@gmail.com",
    "schooling_status": "Private school",
    "grade": "3",
    "school_name": "Beaconhouse",
    "city": "Quetta",
    "province": "Gilgit-Baltistan",
    "subscription_plan": "monthly",
    "subscription_expiry": "2025-07-29",
    "profile_picture": "profile_pics/WhatsApp_Image_2025-06-16_at_16.00.07_1_bDwnQag.jpeg",
    "fee_receipt": "fee_receipts/WhatsApp_Image_2025-06-16_at_16.00.07_7VC0jTP.jpeg",
    "account_status": "active",
    "is_active": true,
    "grade_change_count": 0,
    "last_grade_reset": null,
    "renewal_requested": false,
    "renewal_plan_requested": null,
    "groups": [],
    "user_permissions": []
  }
},
{
  "model": "core.user",
  "fields": {
    "password": "pbkdf2_sha256$600000$YhAHCSooLBxZvpuOKKglFu$N75Y//1Fts+OxCCx/1pS36HjJbFmszsGz+UEaqJwLy8=",
    "last_login": null,
    "is_superuser": false,
    "username": "student_trial2",
    "first_name": "",
    "last_name": "",
    "is_staff": false,
    "date_joined": "2025-06-29T06:22:07.031Z",
    "role": "student",
    "full_name": "Student Trial Two",
    "gender": "Male",
    "language_used_at_home": "Other",
    "email": "student6@example.com",
    "schooling_status": "Private school",
    "grade": "3",
    "school_name": "Army Pubic School",
    "city": "Quetta",
    "province": "Punjab",
    "subscription_plan": "monthly",
    "subscription_expiry": "2025-08-01",
    "profile_picture": "",
    "fee_receipt": "fee_receipts/Screen_Shot_2024-07-10_at_12.30.28_PM_EYW5gdy.png",
    "account_status": "active",
    "is_active": true,
    "grade_change_count": 0,
    "last_grade_reset": null,
    "renewal_requested": true,
    "renewal_plan_requested": null,
    "groups": [],
    "user_permissions": []
  }
},
{
  "model": "core.user",
  "fields": {
    "password": "pbkdf2_sha256$600000$hzbyWEMXxOnn6EGjxEAf8U$0GBObNZNh7J+pndgm5Ees1SLpYlbZKAdHD2n3+nBIwg=",
    "last_login": null,
    "is_superuser": false,
    "username": "student_trial3",
    "first_name": "",
    "last_name": "",
    "is_staff": false,
    "date_joined": "2025-06-29T06:52:24.293Z",
    "role": "student",
    "full_name": "Student trial three",
    "gender": "Female",
    "language_used_at_home": "Pashto",
    "email": "wajiha_student@gmail.com",
    "schooling_status": "Homeschool",
    "grade": "5",
    "school_name": "F.G School",
    "city": "Quetta",
    "province": "Gilgit-Baltistan",
    "subscription_plan": "monthly",
    "subscription_expiry": null,
    "profile_picture": "profile_pics/WhatsApp_Image_2025-06-16_at_16.00.07_1_qHmnF6n.jpeg",
    "fee_receipt": "fee_receipts/WhatsApp_Image_2025-06-16_at_16.00.07_TRWF0jh.jpeg",
    "account_status": "inactive",
    "is_active": false,
    "grade_change_count": 0,
    "last_grade_reset": null,
    "renewal_requested": false,
    "renewal_plan_requested": null,
    "groups": [],
    "user_permissions": []
  }
},
{
  "model": "core.user",
  "fields": {
    "password": "pbkdf2_sha256$600000$M8RvLQOHcAVfX1Ms9h3R7R$UVpN3NCz0n7c6JtnHOkWHF7mIfBqgKdjthakMVr0EAU=",
    "last_login": null,
    "is_superuser": false,
    "username": "rehanaamir",
    "first_name": "",
    "last_name": "",
    "is_staff": false,
    "date_joined": "2025-07-03T09:30:47.974Z",
    "role": "student",
    "full_name": "Rehana Amir",
    "gender": "Female",
    "language_used_at_home": "Pashto",
    "email": "rehanaamir@gmail.com",
    "schooling_status": "Public school",
    "grade": "5",
    "school_name": "Mission School",
    "city": "Quetta",
    "province": "Balochistan",
    "subscription_plan": "monthly",
    "subscription_expiry": "2025-08-02",
    "profile_picture": "profile_pics/Screen_Shot_2024-07-10_at_12.30.28_PM.png",
    "fee_receipt": "fee_receipts/Screenshot_2025-07-02_at_3.51.19PM.png",
    "account_status": "active",
    "is_active": true,
    "grade_change_count": 0,
    "last_grade_reset": null,
    "renewal_requested": false,
    "renewal_plan_requested": null,
    "groups": [],
    "user_permissions": []
  }
},
{
  "model": "core.user",
  "fields": {
    "password": "pbkdf2_sha256$600000$nkiuipM7LBRXhxpo2n9rVA$oOD+IyDdX+UXm7l4x0PwUicn6OLefgHvkUfjGOj8GLc=",
    "last_login": null,
    "is_superuser": false,
    "username": "i_dont_know",
    "first_name": "",
    "last_name": "",
    "is_staff": false,
    "date_joined": "2025-07-10T13:23:17.728Z",
    "role": "student",
    "full_name": "Syed Amir Shah",
    "gender": "Female",
    "language_used_at_home": "Other",
    "email": "syedamirshah@gmail.com",
    "schooling_status": "Private school",
    "grade": "2",
    "school_name": "Convent School",
    "city": "Quetta",
    "province": "Balochistan",
    "subscription_plan": "yearly",
    "subscription_expiry": "2025-09-08",
    "profile_picture": "",
    "fee_receipt": "",
    "account_status": "active",
    "is_active": true,
    "grade_change_count": 0,
    "last_grade_reset": null,
    "renewal_requested": false,
    "renewal_plan_requested": null,
    "groups": [],
    "user_permissions": []
  }
},
{
  "model": "core.studentquizattempt",
  "pk": 472,
  "fields": {
    "student": [
      "student2"
    ],
    "quiz": 9,
    "started_at": "2025-07-07T17:44:50.359Z",
    "completed_at": null,
    "score": 0,
    "total": 0,
    "meta": {
      "selected_question_ids": [
        "56f828af-2e60-4340-9d69-b252047b2c66",
        "81ad9aaf-ca77-4907-8983-a2de65fb46bb",
        "f16b8461-0c04-47e9-8781-9cf5547b611b",
        "4d0f6939-346e-4f58-bf29-310ba9f55c54",
        "116701d3-9399-4eb0-8e77-199b75fbaa73",
        "3231e350-4de4-4c48-b0d7-cfcd09d6caf0",
        "668381cf-33c1-43f4-aaab-6b2628a9860e",
        "360fd5b0-8c2c-4fe8-9d79-7c4095e78aa0",
        "bdbbe6c7-9fc6-472b-8379-92d66786af57",
        "ea7c642a-baa5-42b3-b987-48cc3d16fcd7"
      ]
    }
  }
},
{
  "model": "core.studentquizattempt",
  "pk": 473,
  "fields": {
    "student": [
      "student2"
    ],
    "quiz": 9,
    "started_at": "2025-07-07T17:44:50.360Z",
    "completed_at": null,
    "score": 0,
    "total": 0,
    "meta": {
      "selected_question_ids": [
        "360fd5b0-8c2c-4fe8-9d79-7c4095e78aa0",
        "bdbbe6c7-9fc6-472b-8379-92d66786af57",
        "ea7c642a-baa5-42b3-b987-48cc3d16fcd7",
        "3231e350-4de4-4c48-b0d7-cfcd09d6caf0",
        "81ad9aaf-ca77-4907-8983-a2de65fb46bb",
        "56f828af-2e60-4340-9d69-b252047b2c66",
        "668381cf-33c1-43f4-aaab-6b2628a9860e",
        "116701d3-9399-4eb0-8e77-199b75fbaa73",
        "f16b8461-0c04-47e9-8781-9cf5547b611b",
        "4d0f6939-346e-4f58-bf29-310ba9f55c54"
      ]
    }
  }
},
{
  "model": "core.studentquizattempt",
  "pk": 474,
  "fields": {
    "student": [
      "student2"
    ],
    "quiz": 10,
    "started_at": "2025-07-07T17:45:03.605Z",
    "completed_at": null,
    "score": 0,
    "total": 0,
    "meta": {
      "selected_question_ids": [
        "d345b8b1-5560-4a99-9baf-589ae7af2b26",
        "9ce72368-3160-4b3a-8bb6-58999e8482df",
        "233c7215-c176-49ff-8b6f-a2b781055e44",
        "b3eb6172-8c21-4b08-ba10-7e6d3831d221",
        "e278cbf4-9e6a-4db1-b632-da5d396dab4a",
        "4fdc4e80-d406-48d2-b1b2-ac60a9269e32",
        "b0336f5f-2399-46cf-a9db-f164551a3ae8"
      ]
    }
  }
},
{
  "model": "core.studentquizattempt",
  "pk": 475,
  "fields": {
    "student": [
      "student2"
    ],
    "quiz": 10,
    "started_at": "2025-07-07T17:45:03.607Z",
    "completed_at": null,
    "score": 0,
    "total": 0,
    "meta": {
      "selected_question_ids": [
        "b3eb6172-8c21-4b08-ba10-7e6d3831d221",
        "233c7215-c176-49ff-8b6f-a2b781055e44",
        "e278cbf4-9e6a-4db1-b632-da5d396dab4a",
        "b0336f5f-2399-46cf-a9db-f164551a3ae8",
        "d345b8b1-5560-4a99-9baf-589ae7af2b26",
        "4fdc4e80-d406-48d2-b1b2-ac60a9269e32",
        "9ce72368-3160-4b3a-8bb6-58999e8482df"
      ]
    }
  }
},
{
  "model": "core.studentquizattempt",
  "pk": 476,
  "fields": {
    "student": [
      "teacher1"
    ],
    "quiz": 9,
    "started_at": "2025-07-07T17:45:28.117Z",
    "completed_at": null,
    "score": 0,
    "total": 0,
    "meta": {
      "selected_question_ids": [
        "116701d3-9399-4eb0-8e77-199b75fbaa73",
        "56f828af-2e60-4340-9d69-b252047b2c66",
        "3231e350-4de4-4c48-b0d7-cfcd09d6caf0",
        "4d0f6939-346e-4f58-bf29-310ba9f55c54",
        "668381cf-33c1-43f4-aaab-6b2628a9860e",
        "81ad9aaf-ca77-4907-8983-a2de65fb46bb",
        "f16b8461-0c04-47e9-8781-9cf5547b611b",
        "360fd5b0-8c2c-4fe8-9d79-7c4095e78aa0",
        "ea7c642a-baa5-42b3-b987-48cc3d16fcd7",
        "bdbbe6c7-9fc6-472b-8379-92d66786af57"
      ]
    }
  }
},
{
  "model": "core.studentquizattempt",
  "pk": 477,
  "fields": {
    "student": [
      "teacher1"
    ],
    "quiz": 9,
    "started_at": "2025-07-07T17:45:28.117Z",
    "completed_at": null,
    "score": 0,
    "total": 0,
    "meta": {
      "selected_question_ids": [
        "bdbbe6c7-9fc6-472b-8379-92d66786af57",
        "ea7c642a-baa5-42b3-b987-48cc3d16fcd7",
        "360fd5b0-8c2c-4fe8-9d79-7c4095e78aa0",
        "116701d3-9399-4eb0-8e77-199b75fbaa73",
        "4d0f6939-346e-4f58-bf29-310ba9f55c54",
        "f16b8461-0c04-47e9-8781-9cf5547b611b",
        "56f828af-2e60-4340-9d69-b252047b2c66",
        "3231e350-4de4-4c48-b0d7-cfcd09d6caf0",
        "81ad9aaf-ca77-4907-8983-a2de65fb46bb",
        "668381cf-33c1-43f4-aaab-6b2628a9860e"
      ]
    }
  }
},
{
  "model": "core.studentquizattempt",
  "pk": 478,
  "fields": {
    "student": [
      "teacher1"
    ],
    "quiz": 9,
    "started_at": "2025-07-07T17:45:38.151Z",
    "completed_at": null,
    "score": 0,
    "total": 0,
    "meta": {
      "selected_question_ids": [
        "360fd5b0-8c2c-4fe8-9d79-7c4095e78aa0",
        "bdbbe6c7-9fc6-472b-8379-92d66786af57",
        "56f828af-2e60-4340-9d69-b252047b2c66",
        "ea7c642a-baa5-42b3-b987-48cc3d16fcd7",
        "116701d3-9399-4eb0-8e77-199b75fbaa73",
        "f16b8461-0c04-47e9-8781-9cf5547b611b",
        "3231e350-4de4-4c48-b0d7-cfcd09d6caf0",
        "81ad9aaf-ca77-4907-8983-a2de65fb46bb",
        "668381cf-33c1-43f4-aaab-6b2628a9860e",
        "4d0f6939-346e-4f58-bf29-310ba9f55c54"
      ]
    }
  }
},
{
  "model": "core.studentquizattempt",
  "pk": 479,
  "fields": {
    "student": [
      "teacher1"
    ],
    "quiz": 9,
    "started_at": "2025-07-07T17:45:38.151Z",
    "completed_at": null,
    "score": 0,
    "total": 0,
    "meta": {
      "selected_question_ids": [
        "bdbbe6c7-9fc6-472b-8379-92d66786af57",
        "668381cf-33c1-43f4-aaab-6b2628a9860e",
        "81ad9aaf-ca77-4907-8983-a2de65fb46bb",
        "56f828af-2e60-4340-9d69-b252047b2c66",
        "ea7c642a-baa5-42b3-b987-48cc3d16fcd7",
        "116701d3-9399-4eb0-8e77-199b75fbaa73",
        "f16b8461-0c04-47e9-8781-9cf5547b611b",
        "4d0f6939-346e-4f58-bf29-310ba9f55c54",
        "360fd5b0-8c2c-4fe8-9d79-7c4095e78aa0",
        "3231e350-4de4-4c48-b0d7-cfcd09d6caf0"
      ]
    }
  }
},
{
  "model": "core.studentquizattempt",
  "pk": 480,
  "fields": {
    "student": [
      "teacher1"
    ],
    "quiz": 9,
    "started_at": "2025-07-08T04:23:30.859Z",
    "completed_at": null,
    "score": 0,
    "total": 0,
    "meta": {
      "selected_question_ids": [
        "4d0f6939-346e-4f58-bf29-310ba9f55c54",
        "360fd5b0-8c2c-4fe8-9d79-7c4095e78aa0",
        "ea7c642a-baa5-42b3-b987-48cc3d16fcd7",
        "668381cf-33c1-43f4-aaab-6b2628a9860e",
        "f16b8461-0c04-47e9-8781-9cf5547b611b",
        "3231e350-4de4-4c48-b0d7-cfcd09d6caf0",
        "116701d3-9399-4eb0-8e77-199b75fbaa73",
        "56f828af-2e60-4340-9d69-b252047b2c66",
        "81ad9aaf-ca77-4907-8983-a2de65fb46bb",
        "bdbbe6c7-9fc6-472b-8379-92d66786af57"
      ]
    }
  }
},
{
  "model": "core.studentquizattempt",
  "pk": 481,
  "fields": {
    "student": [
      "teacher1"
    ],
    "quiz": 9,
    "started_at": "2025-07-08T04:23:30.860Z",
    "completed_at": null,
    "score": 0,
    "total": 0,
    "meta": {
      "selected_question_ids": [
        "3231e350-4de4-4c48-b0d7-cfcd09d6caf0",
        "81ad9aaf-ca77-4907-8983-a2de65fb46bb",
        "ea7c642a-baa5-42b3-b987-48cc3d16fcd7",
        "f16b8461-0c04-47e9-8781-9cf5547b611b",
        "360fd5b0-8c2c-4fe8-9d79-7c4095e78aa0",
        "668381cf-33c1-43f4-aaab-6b2628a9860e",
        "4d0f6939-346e-4f58-bf29-310ba9f55c54",
        "bdbbe6c7-9fc6-472b-8379-92d66786af57",
        "56f828af-2e60-4340-9d69-b252047b2c66",
        "116701d3-9399-4eb0-8e77-199b75fbaa73"
      ]
    }
  }
},
{
  "model": "core.studentquizattempt",
  "pk": 482,
  "fields": {
    "student": [
      "teacher1"
    ],
    "quiz": 9,
    "started_at": "2025-07-08T04:36:43.481Z",
    "completed_at": null,
    "score": 0,
    "total": 0,
    "meta": {
      "selected_question_ids": [
        "4d0f6939-346e-4f58-bf29-310ba9f55c54",
        "81ad9aaf-ca77-4907-8983-a2de65fb46bb",
        "bdbbe6c7-9fc6-472b-8379-92d66786af57",
        "56f828af-2e60-4340-9d69-b252047b2c66",
        "3231e350-4de4-4c48-b0d7-cfcd09d6caf0",
        "360fd5b0-8c2c-4fe8-9d79-7c4095e78aa0",
        "ea7c642a-baa5-42b3-b987-48cc3d16fcd7",
        "116701d3-9399-4eb0-8e77-199b75fbaa73",
        "f16b8461-0c04-47e9-8781-9cf5547b611b",
        "668381cf-33c1-43f4-aaab-6b2628a9860e"
      ]
    }
  }
},
{
  "model": "core.studentquizattempt",
  "pk": 483,
  "fields": {
    "student": [
      "teacher1"
    ],
    "quiz": 9,
    "started_at": "2025-07-08T04:36:43.482Z",
    "completed_at": null,
    "score": 0,
    "total": 0,
    "meta": {
      "selected_question_ids": [
        "116701d3-9399-4eb0-8e77-199b75fbaa73",
        "4d0f6939-346e-4f58-bf29-310ba9f55c54",
        "668381cf-33c1-43f4-aaab-6b2628a9860e",
        "3231e350-4de4-4c48-b0d7-cfcd09d6caf0",
        "56f828af-2e60-4340-9d69-b252047b2c66",
        "360fd5b0-8c2c-4fe8-9d79-7c4095e78aa0",
        "f16b8461-0c04-47e9-8781-9cf5547b611b",
        "bdbbe6c7-9fc6-472b-8379-92d66786af57",
        "81ad9aaf-ca77-4907-8983-a2de65fb46bb",
        "ea7c642a-baa5-42b3-b987-48cc3d16fcd7"
      ]
    }
  }
},
{
  "model": "core.studentquizattempt",
  "pk": 484,
  "fields": {
    "student": [
      "student2"
    ],
    "quiz": 10,
    "started_at": "2025-07-08T10:50:52.617Z",
    "completed_at": null,
    "score": 0,
    "total": 0,
    "meta": {
      "selected_question_ids": [
        "233c7215-c176-49ff-8b6f-a2b781055e44",
        "9ce72368-3160-4b3a-8bb6-58999e8482df",
        "b3eb6172-8c21-4b08-ba10-7e6d3831d221",
        "d345b8b1-5560-4a99-9baf-589ae7af2b26",
        "b0336f5f-2399-46cf-a9db-f164551a3ae8",
        "4fdc4e80-d406-48d2-b1b2-ac60a9269e32",
        "e278cbf4-9e6a-4db1-b632-da5d396dab4a"
      ]
    }
  }
},
{
  "model": "core.studentquizattempt",
  "pk": 485,
  "fields": {
    "student": [
      "student2"
    ],
    "quiz": 10,
    "started_at": "2025-07-08T10:50:52.617Z",
    "completed_at": null,
    "score": 0,
    "total": 0,
    "meta": {
      "selected_question_ids": [
        "b0336f5f-2399-46cf-a9db-f164551a3ae8",
        "233c7215-c176-49ff-8b6f-a2b781055e44",
        "9ce72368-3160-4b3a-8bb6-58999e8482df",
        "4fdc4e80-d406-48d2-b1b2-ac60a9269e32",
        "d345b8b1-5560-4a99-9baf-589ae7af2b26",
        "b3eb6172-8c21-4b08-ba10-7e6d3831d221",
        "e278cbf4-9e6a-4db1-b632-da5d396dab4a"
      ]
    }
  }
},
{
  "model": "core.studentquizattempt",
  "pk": 486,
  "fields": {
    "student": [
      "student2"
    ],
    "quiz": 10,
    "started_at": "2025-07-08T10:51:34.750Z",
    "completed_at": null,
    "score": 0,
    "total": 0,
    "meta": {
      "selected_question_ids": [
        "b0336f5f-2399-46cf-a9db-f164551a3ae8",
        "9ce72368-3160-4b3a-8bb6-58999e8482df",
        "e278cbf4-9e6a-4db1-b632-da5d396dab4a",
        "4fdc4e80-d406-48d2-b1b2-ac60a9269e32",
        "b3eb6172-8c21-4b08-ba10-7e6d3831d221",
        "d345b8b1-5560-4a99-9baf-589ae7af2b26",
        "233c7215-c176-49ff-8b6f-a2b781055e44"
      ]
    }
  }
},
{
  "model": "core.studentquizattempt",
  "pk": 487,
  "fields": {
    "student": [
      "student2"
    ],
    "quiz": 10,
    "started_at": "2025-07-08T10:51:34.751Z",
    "completed_at": "2025-07-08T10:51:42.790Z",
    "score": 10,
    "total": 0,
    "meta": {
      "selected_question_ids": [
        "9ce72368-3160-4b3a-8bb6-58999e8482df",
        "e278cbf4-9e6a-4db1-b632-da5d396dab4a",
        "233c7215-c176-49ff-8b6f-a2b781055e44",
        "4fdc4e80-d406-48d2-b1b2-ac60a9269e32",
        "b0336f5f-2399-46cf-a9db-f164551a3ae8",
        "d345b8b1-5560-4a99-9baf-589ae7af2b26",
        "b3eb6172-8c21-4b08-ba10-7e6d3831d221"
      ]
    }
  }
},
{
  "model": "core.studentquizattempt",
  "pk": 488,
  "fields": {
    "student": [
      "student2"
    ],
    "quiz": 10,
    "started_at": "2025-07-08T10:52:08.599Z",
    "completed_at": "2025-07-08T10:52:53.696Z",
    "score": 0,
    "total": 0,
    "meta": {
      "selected_question_ids": [
        "9ce72368-3160-4b3a-8bb6-58999e8482df",
        "d345b8b1-5560-4a99-9baf-589ae7af2b26",
        "233c7215-c176-49ff-8b6f-a2b781055e44",
        "b3eb6172-8c21-4b08-ba10-7e6d3831d221",
        "4fdc4e80-d406-48d2-b1b2-ac60a9269e32",
        "e278cbf4-9e6a-4db1-b632-da5d396dab4a",
        "b0336f5f-2399-46cf-a9db-f164551a3ae8"
      ]
    }
  }
},
{
  "model": "core.studentquizattempt",
  "pk": 489,
  "fields": {
    "student": [
      "student2"
    ],
    "quiz": 10,
    "started_at": "2025-07-08T10:52:08.600Z",
    "completed_at": null,
    "score": 0,
    "total": 0,
    "meta": {
      "selected_question_ids": [
        "233c7215-c176-49ff-8b6f-a2b781055e44",
        "d345b8b1-5560-4a99-9baf-589ae7af2b26",
        "e278cbf4-9e6a-4db1-b632-da5d396dab4a",
        "b3eb6172-8c21-4b08-ba10-7e6d3831d221",
        "9ce72368-3160-4b3a-8bb6-58999e8482df",
        "b0336f5f-2399-46cf-a9db-f164551a3ae8",
        "4fdc4e80-d406-48d2-b1b2-ac60a9269e32"
      ]
    }
  }
},
{
  "model": "core.studentquizattempt",
  "pk": 490,
  "fields": {
    "student": [
      "student2"
    ],
    "quiz": 10,
    "started_at": "2025-07-08T11:09:59.151Z",
    "completed_at": null,
    "score": 0,
    "total": 0,
    "meta": {
      "selected_question_ids": [
        "9ce72368-3160-4b3a-8bb6-58999e8482df",
        "b0336f5f-2399-46cf-a9db-f164551a3ae8",
        "233c7215-c176-49ff-8b6f-a2b781055e44",
        "b3eb6172-8c21-4b08-ba10-7e6d3831d221",
        "e278cbf4-9e6a-4db1-b632-da5d396dab4a",
        "4fdc4e80-d406-48d2-b1b2-ac60a9269e32",
        "d345b8b1-5560-4a99-9baf-589ae7af2b26"
      ]
    }
  }
},
{
  "model": "core.studentquizattempt",
  "pk": 491,
  "fields": {
    "student": [
      "student2"
    ],
    "quiz": 10,
    "started_at": "2025-07-08T11:09:59.151Z",
    "completed_at": "2025-07-08T11:10:35.222Z",
    "score": 20,
    "total": 0,
    "meta": {
      "selected_question_ids": [
        "b0336f5f-2399-46cf-a9db-f164551a3ae8",
        "4fdc4e80-d406-48d2-b1b2-ac60a9269e32",
        "b3eb6172-8c21-4b08-ba10-7e6d3831d221",
        "e278cbf4-9e6a-4db1-b632-da5d396dab4a",
        "233c7215-c176-49ff-8b6f-a2b781055e44",
        "9ce72368-3160-4b3a-8bb6-58999e8482df",
        "d345b8b1-5560-4a99-9baf-589ae7af2b26"
      ]
    }
  }
},
{
  "model": "core.studentquizattempt",
  "pk": 492,
  "fields": {
    "student": [
      "student2"
    ],
    "quiz": 10,
    "started_at": "2025-07-08T11:10:43.381Z",
    "completed_at": null,
    "score": 0,
    "total": 0,
    "meta": {
      "selected_question_ids": [
        "b3eb6172-8c21-4b08-ba10-7e6d3831d221",
        "233c7215-c176-49ff-8b6f-a2b781055e44",
        "d345b8b1-5560-4a99-9baf-589ae7af2b26",
        "9ce72368-3160-4b3a-8bb6-58999e8482df",
        "b0336f5f-2399-46cf-a9db-f164551a3ae8",
        "e278cbf4-9e6a-4db1-b632-da5d396dab4a",
        "4fdc4e80-d406-48d2-b1b2-ac60a9269e32"
      ]
    }
  }
},
{
  "model": "core.studentquizattempt",
  "pk": 493,
  "fields": {
    "student": [
      "student2"
    ],
    "quiz": 10,
    "started_at": "2025-07-08T11:10:43.382Z",
    "completed_at": null,
    "score": 0,
    "total": 0,
    "meta": {
      "selected_question_ids": [
        "e278cbf4-9e6a-4db1-b632-da5d396dab4a",
        "b3eb6172-8c21-4b08-ba10-7e6d3831d221",
        "233c7215-c176-49ff-8b6f-a2b781055e44",
        "d345b8b1-5560-4a99-9baf-589ae7af2b26",
        "9ce72368-3160-4b3a-8bb6-58999e8482df",
        "4fdc4e80-d406-48d2-b1b2-ac60a9269e32",
        "b0336f5f-2399-46cf-a9db-f164551a3ae8"
      ]
    }
  }
},
{
  "model": "core.studentquizattempt",
  "pk": 494,
  "fields": {
    "student": [
      "student2"
    ],
    "quiz": 10,
    "started_at": "2025-07-08T11:10:50.086Z",
    "completed_at": null,
    "score": 0,
    "total": 0,
    "meta": {
      "selected_question_ids": [
        "b3eb6172-8c21-4b08-ba10-7e6d3831d221",
        "b0336f5f-2399-46cf-a9db-f164551a3ae8",
        "d345b8b1-5560-4a99-9baf-589ae7af2b26",
        "e278cbf4-9e6a-4db1-b632-da5d396dab4a",
        "233c7215-c176-49ff-8b6f-a2b781055e44",
        "4fdc4e80-d406-48d2-b1b2-ac60a9269e32",
        "9ce72368-3160-4b3a-8bb6-58999e8482df"
      ]
    }
  }
},
{
  "model": "core.studentquizattempt",
  "pk": 495,
  "fields": {
    "student": [
      "student2"
    ],
    "quiz": 10,
    "started_at": "2025-07-08T11:10:50.087Z",
    "completed_at": null,
    "score": 0,
    "total": 0,
    "meta": {
      "selected_question_ids": [
        "4fdc4e80-d406-48d2-b1b2-ac60a9269e32",
        "d345b8b1-5560-4a99-9baf-589ae7af2b26",
        "9ce72368-3160-4b3a-8bb6-58999e8482df",
        "b3eb6172-8c21-4b08-ba10-7e6d3831d221",
        "b0336f5f-2399-46cf-a9db-f164551a3ae8",
        "e278cbf4-9e6a-4db1-b632-da5d396dab4a",
        "233c7215-c176-49ff-8b6f-a2b781055e44"
      ]
    }
  }
},
{
  "model": "core.studentquizattempt",
  "pk": 496,
  "fields": {
    "student": [
      "student2"
    ],
    "quiz": 10,
    "started_at": "2025-07-08T11:14:44.236Z",
    "completed_at": null,
    "score": 0,
    "total": 0,
    "meta": {
      "selected_question_ids": [
        "233c7215-c176-49ff-8b6f-a2b781055e44",
        "b0336f5f-2399-46cf-a9db-f164551a3ae8",
        "b3eb6172-8c21-4b08-ba10-7e6d3831d221",
        "9ce72368-3160-4b3a-8bb6-58999e8482df",
        "d345b8b1-5560-4a99-9baf-589ae7af2b26",
        "e278cbf4-9e6a-4db1-b632-da5d396dab4a",
        "4fdc4e80-d406-48d2-b1b2-ac60a9269e32"
      ]
    }
  }
},
{
  "model": "core.studentquizattempt",
  "pk": 497,
  "fields": {
    "student": [
      "student2"
    ],
    "quiz": 10,
    "started_at": "2025-07-08T11:14:44.237Z",
    "completed_at": "2025-07-08T11:15:03.870Z",
    "score": 50,
    "total": 0,
    "meta": {
      "selected_question_ids": [
        "233c7215-c176-49ff-8b6f-a2b781055e44",
        "b3eb6172-8c21-4b08-ba10-7e6d3831d221",
        "9ce72368-3160-4b3a-8bb6-58999e8482df",
        "b0336f5f-2399-46cf-a9db-f164551a3ae8",
        "e278cbf4-9e6a-4db1-b632-da5d396dab4a",
        "4fdc4e80-d406-48d2-b1b2-ac60a9269e32",
        "d345b8b1-5560-4a99-9baf-589ae7af2b26"
      ]
    }
  }
},
{
  "model": "core.studentquizattempt",
  "pk": 498,
  "fields": {
    "student": [
      "student2"
    ],
    "quiz": 10,
    "started_at": "2025-07-08T11:20:11.244Z",
    "completed_at": null,
    "score": 0,
    "total": 0,
    "meta": {
      "selected_question_ids": [
        "b0336f5f-2399-46cf-a9db-f164551a3ae8",
        "b3eb6172-8c21-4b08-ba10-7e6d3831d221",
        "e278cbf4-9e6a-4db1-b632-da5d396dab4a",
        "233c7215-c176-49ff-8b6f-a2b781055e44",
        "d345b8b1-5560-4a99-9baf-589ae7af2b26",
        "4fdc4e80-d406-48d2-b1b2-ac60a9269e32",
        "9ce72368-3160-4b3a-8bb6-58999e8482df"
      ]
    }
  }
},
{
  "model": "core.studentquizattempt",
  "pk": 499,
  "fields": {
    "student": [
      "student2"
    ],
    "quiz": 10,
    "started_at": "2025-07-08T11:20:11.245Z",
    "completed_at": "2025-07-08T11:20:28.419Z",
    "score": 20,
    "total": 0,
    "meta": {
      "selected_question_ids": [
        "e278cbf4-9e6a-4db1-b632-da5d396dab4a",
        "4fdc4e80-d406-48d2-b1b2-ac60a9269e32",
        "b0336f5f-2399-46cf-a9db-f164551a3ae8",
        "d345b8b1-5560-4a99-9baf-589ae7af2b26",
        "233c7215-c176-49ff-8b6f-a2b781055e44",
        "9ce72368-3160-4b3a-8bb6-58999e8482df",
        "b3eb6172-8c21-4b08-ba10-7e6d3831d221"
      ]
    }
  }
},
{
  "model": "core.studentquizattempt",
  "pk": 500,
  "fields": {
    "student": [
      "student2"
    ],
    "quiz": 13,
    "started_at": "2025-07-08T11:24:32.151Z",
    "completed_at": null,
    "score": 0,
    "total": 0,
    "meta": {
      "selected_question_ids": [
        "b0336f5f-2399-46cf-a9db-f164551a3ae8",
        "9ce72368-3160-4b3a-8bb6-58999e8482df",
        "4fdc4e80-d406-48d2-b1b2-ac60a9269e32",
        "d345b8b1-5560-4a99-9baf-589ae7af2b26",
        "233c7215-c176-49ff-8b6f-a2b781055e44",
        "e278cbf4-9e6a-4db1-b632-da5d396dab4a",
        "b3eb6172-8c21-4b08-ba10-7e6d3831d221"
      ]
    }
  }
},
{
  "model": "core.studentquizattempt",
  "pk": 501,
  "fields": {
    "student": [
      "student2"
    ],
    "quiz": 13,
    "started_at": "2025-07-08T11:24:32.151Z",
    "completed_at": null,
    "score": 0,
    "total": 0,
    "meta": {
      "selected_question_ids": [
        "233c7215-c176-49ff-8b6f-a2b781055e44",
        "e278cbf4-9e6a-4db1-b632-da5d396dab4a",
        "9ce72368-3160-4b3a-8bb6-58999e8482df",
        "4fdc4e80-d406-48d2-b1b2-ac60a9269e32",
        "b0336f5f-2399-46cf-a9db-f164551a3ae8",
        "b3eb6172-8c21-4b08-ba10-7e6d3831d221",
        "d345b8b1-5560-4a99-9baf-589ae7af2b26"
      ]
    }
  }
},
{
  "model": "core.studentquizattempt",
  "pk": 502,
  "fields": {
    "student": [
      "student2"
    ],
    "quiz": 13,
    "started_at": "2025-07-08T11:25:30.145Z",
    "completed_at": null,
    "score": 0,
    "total": 0,
    "meta": {
      "selected_question_ids": [
        "b0336f5f-2399-46cf-a9db-f164551a3ae8",
        "233c7215-c176-49ff-8b6f-a2b781055e44",
        "107c46ee-f717-4cad-a67d-18b7ffc3d9c9",
        "b3eb6172-8c21-4b08-ba10-7e6d3831d221",
        "9ce72368-3160-4b3a-8bb6-58999e8482df",
        "44726b4b-5166-4f28-a985-7db5bbb4057d",
        "e278cbf4-9e6a-4db1-b632-da5d396dab4a",
        "bc6b35f4-16b2-4edc-bcf3-d537206a32e5",
        "b6373211-b095-4f4c-aa39-76d0ec0304c2",
        "4fdc4e80-d406-48d2-b1b2-ac60a9269e32"
      ]
    }
  }
},
{
  "model": "core.studentquizattempt",
  "pk": 503,
  "fields": {
    "student": [
      "student2"
    ],
    "quiz": 13,
    "started_at": "2025-07-08T11:25:30.146Z",
    "completed_at": null,
    "score": 0,
    "total": 0,
    "meta": {
      "selected_question_ids": [
        "b0336f5f-2399-46cf-a9db-f164551a3ae8",
        "233c7215-c176-49ff-8b6f-a2b781055e44",
        "107c46ee-f717-4cad-a67d-18b7ffc3d9c9",
        "b6373211-b095-4f4c-aa39-76d0ec0304c2",
        "9ce72368-3160-4b3a-8bb6-58999e8482df",
        "b3eb6172-8c21-4b08-ba10-7e6d3831d221",
        "d345b8b1-5560-4a99-9baf-589ae7af2b26",
        "e278cbf4-9e6a-4db1-b632-da5d396dab4a",
        "44726b4b-5166-4f28-a985-7db5bbb4057d",
        "bc6b35f4-16b2-4edc-bcf3-d537206a32e5"
      ]
    }
  }
},
{
  "model": "core.studentquizattempt",
  "pk": 504,
  "fields": {
    "student": [
      "student2"
    ],
    "quiz": 10,
    "started_at": "2025-07-08T11:25:45.007Z",
    "completed_at": null,
    "score": 0,
    "total": 0,
    "meta": {
      "selected_question_ids": [
        "107c46ee-f717-4cad-a67d-18b7ffc3d9c9",
        "e278cbf4-9e6a-4db1-b632-da5d396dab4a",
        "bc6b35f4-16b2-4edc-bcf3-d537206a32e5",
        "b3eb6172-8c21-4b08-ba10-7e6d3831d221",
        "233c7215-c176-49ff-8b6f-a2b781055e44",
        "44726b4b-5166-4f28-a985-7db5bbb4057d",
        "4fdc4e80-d406-48d2-b1b2-ac60a9269e32",
        "b0336f5f-2399-46cf-a9db-f164551a3ae8",
        "b6373211-b095-4f4c-aa39-76d0ec0304c2",
        "9ce72368-3160-4b3a-8bb6-58999e8482df"
      ]
    }
  }
},
{
  "model": "core.studentquizattempt",
  "pk": 505,
  "fields": {
    "student": [
      "student2"
    ],
    "quiz": 10,
    "started_at": "2025-07-08T11:25:45.008Z",
    "completed_at": "2025-07-08T11:26:06.817Z",
    "score": 30,
    "total": 0,
    "meta": {
      "selected_question_ids": [
        "9ce72368-3160-4b3a-8bb6-58999e8482df",
        "4fdc4e80-d406-48d2-b1b2-ac60a9269e32",
        "233c7215-c176-49ff-8b6f-a2b781055e44",
        "b6373211-b095-4f4c-aa39-76d0ec0304c2",
        "107c46ee-f717-4cad-a67d-18b7ffc3d9c9",
        "e278cbf4-9e6a-4db1-b632-da5d396dab4a",
        "bc6b35f4-16b2-4edc-bcf3-d537206a32e5",
        "d345b8b1-5560-4a99-9baf-589ae7af2b26",
        "b0336f5f-2399-46cf-a9db-f164551a3ae8",
        "b3eb6172-8c21-4b08-ba10-7e6d3831d221"
      ]
    }
  }
},
{
  "model": "core.studentquizattempt",
  "pk": 506,
  "fields": {
    "student": [
      "student2"
    ],
    "quiz": 13,
    "started_at": "2025-07-08T11:26:19.197Z",
    "completed_at": null,
    "score": 0,
    "total": 0,
    "meta": {
      "selected_question_ids": [
        "9ce72368-3160-4b3a-8bb6-58999e8482df",
        "44726b4b-5166-4f28-a985-7db5bbb4057d",
        "b0336f5f-2399-46cf-a9db-f164551a3ae8",
        "b6373211-b095-4f4c-aa39-76d0ec0304c2",
        "e278cbf4-9e6a-4db1-b632-da5d396dab4a",
        "d345b8b1-5560-4a99-9baf-589ae7af2b26",
        "b3eb6172-8c21-4b08-ba10-7e6d3831d221",
        "233c7215-c176-49ff-8b6f-a2b781055e44",
        "107c46ee-f717-4cad-a67d-18b7ffc3d9c9",
        "bc6b35f4-16b2-4edc-bcf3-d537206a32e5"
      ]
    }
  }
},
{
  "model": "core.studentquizattempt",
  "pk": 507,
  "fields": {
    "student": [
      "student2"
    ],
    "quiz": 13,
    "started_at": "2025-07-08T11:26:19.196Z",
    "completed_at": "2025-07-08T11:26:40.583Z",
    "score": 60,
    "total": 0,
    "meta": {
      "selected_question_ids": [
        "9ce72368-3160-4b3a-8bb6-58999e8482df",
        "b0336f5f-2399-46cf-a9db-f164551a3ae8",
        "107c46ee-f717-4cad-a67d-18b7ffc3d9c9",
        "e278cbf4-9e6a-4db1-b632-da5d396dab4a",
        "b6373211-b095-4f4c-aa39-76d0ec0304c2",
        "b3eb6172-8c21-4b08-ba10-7e6d3831d221",
        "d345b8b1-5560-4a99-9baf-589ae7af2b26",
        "bc6b35f4-16b2-4edc-bcf3-d537206a32e5",
        "233c7215-c176-49ff-8b6f-a2b781055e44",
        "44726b4b-5166-4f28-a985-7db5bbb4057d"
      ]
    }
  }
},
{
  "model": "core.studentquizattempt",
  "pk": 508,
  "fields": {
    "student": [
      "student2"
    ],
    "quiz": 10,
    "started_at": "2025-07-09T04:36:21.418Z",
    "completed_at": null,
    "score": 0,
    "total": 0,
    "meta": {
      "selected_question_ids": [
        "b6373211-b095-4f4c-aa39-76d0ec0304c2",
        "e278cbf4-9e6a-4db1-b632-da5d396dab4a",
        "b0336f5f-2399-46cf-a9db-f164551a3ae8",
        "9ce72368-3160-4b3a-8bb6-58999e8482df",
        "107c46ee-f717-4cad-a67d-18b7ffc3d9c9",
        "d345b8b1-5560-4a99-9baf-589ae7af2b26",
        "bc6b35f4-16b2-4edc-bcf3-d537206a32e5",
        "44726b4b-5166-4f28-a985-7db5bbb4057d",
        "4fdc4e80-d406-48d2-b1b2-ac60a9269e32",
        "233c7215-c176-49ff-8b6f-a2b781055e44"
      ]
    }
  }
},
{
  "model": "core.studentquizattempt",
  "pk": 509,
  "fields": {
    "student": [
      "student2"
    ],
    "quiz": 10,
    "started_at": "2025-07-09T04:36:21.419Z",
    "completed_at": null,
    "score": 0,
    "total": 0,
    "meta": {
      "selected_question_ids": [
        "d345b8b1-5560-4a99-9baf-589ae7af2b26",
        "107c46ee-f717-4cad-a67d-18b7ffc3d9c9",
        "b0336f5f-2399-46cf-a9db-f164551a3ae8",
        "e278cbf4-9e6a-4db1-b632-da5d396dab4a",
        "44726b4b-5166-4f28-a985-7db5bbb4057d",
        "b6373211-b095-4f4c-aa39-76d0ec0304c2",
        "b3eb6172-8c21-4b08-ba10-7e6d3831d221",
        "4fdc4e80-d406-48d2-b1b2-ac60a9269e32",
        "bc6b35f4-16b2-4edc-bcf3-d537206a32e5",
        "233c7215-c176-49ff-8b6f-a2b781055e44"
      ]
    }
  }
},
{
  "model": "core.studentquizattempt",
  "pk": 510,
  "fields": {
    "student": [
      "student2"
    ],
    "quiz": 10,
    "started_at": "2025-07-09T04:37:02.102Z",
    "completed_at": null,
    "score": 0,
    "total": 0,
    "meta": {
      "selected_question_ids": [
        "44726b4b-5166-4f28-a985-7db5bbb4057d",
        "d345b8b1-5560-4a99-9baf-589ae7af2b26",
        "233c7215-c176-49ff-8b6f-a2b781055e44",
        "b6373211-b095-4f4c-aa39-76d0ec0304c2",
        "9ce72368-3160-4b3a-8bb6-58999e8482df",
        "b0336f5f-2399-46cf-a9db-f164551a3ae8",
        "bc6b35f4-16b2-4edc-bcf3-d537206a32e5",
        "e278cbf4-9e6a-4db1-b632-da5d396dab4a",
        "4fdc4e80-d406-48d2-b1b2-ac60a9269e32",
        "107c46ee-f717-4cad-a67d-18b7ffc3d9c9"
      ]
    }
  }
},
{
  "model": "core.studentquizattempt",
  "pk": 511,
  "fields": {
    "student": [
      "student2"
    ],
    "quiz": 10,
    "started_at": "2025-07-09T04:37:02.106Z",
    "completed_at": null,
    "score": 0,
    "total": 0,
    "meta": {
      "selected_question_ids": [
        "e278cbf4-9e6a-4db1-b632-da5d396dab4a",
        "b3eb6172-8c21-4b08-ba10-7e6d3831d221",
        "bc6b35f4-16b2-4edc-bcf3-d537206a32e5",
        "233c7215-c176-49ff-8b6f-a2b781055e44",
        "b0336f5f-2399-46cf-a9db-f164551a3ae8",
        "4fdc4e80-d406-48d2-b1b2-ac60a9269e32",
        "44726b4b-5166-4f28-a985-7db5bbb4057d",
        "d345b8b1-5560-4a99-9baf-589ae7af2b26",
        "107c46ee-f717-4cad-a67d-18b7ffc3d9c9",
        "b6373211-b095-4f4c-aa39-76d0ec0304c2"
      ]
    }
  }
},
{
  "model": "core.studentquizattempt",
  "pk": 512,
  "fields": {
    "student": [
      "student2"
    ],
    "quiz": 10,
    "started_at": "2025-07-09T09:22:34.653Z",
    "completed_at": null,
    "score": 0,
    "total": 0,
    "meta": {
      "selected_question_ids": [
        "d345b8b1-5560-4a99-9baf-589ae7af2b26",
        "b6373211-b095-4f4c-aa39-76d0ec0304c2",
        "bc6b35f4-16b2-4edc-bcf3-d537206a32e5",
        "44726b4b-5166-4f28-a985-7db5bbb4057d",
        "b3eb6172-8c21-4b08-ba10-7e6d3831d221",
        "e278cbf4-9e6a-4db1-b632-da5d396dab4a",
        "4fdc4e80-d406-48d2-b1b2-ac60a9269e32",
        "b0336f5f-2399-46cf-a9db-f164551a3ae8",
        "107c46ee-f717-4cad-a67d-18b7ffc3d9c9",
        "233c7215-c176-49ff-8b6f-a2b781055e44"
      ]
    }
  }
},
{
  "model": "core.studentquizattempt",
  "pk": 513,
  "fields": {
    "student": [
      "student2"
    ],
    "quiz": 10,
    "started_at": "2025-07-09T09:22:34.655Z",
    "completed_at": "2025-07-09T09:23:05.795Z",
    "score": 30,
    "total": 0,
    "meta": {
      "selected_question_ids": [
        "233c7215-c176-49ff-8b6f-a2b781055e44",
        "d345b8b1-5560-4a99-9baf-589ae7af2b26",
        "9ce72368-3160-4b3a-8bb6-58999e8482df",
        "b6373211-b095-4f4c-aa39-76d0ec0304c2",
        "107c46ee-f717-4cad-a67d-18b7ffc3d9c9",
        "bc6b35f4-16b2-4edc-bcf3-d537206a32e5",
        "b3eb6172-8c21-4b08-ba10-7e6d3831d221",
        "e278cbf4-9e6a-4db1-b632-da5d396dab4a",
        "44726b4b-5166-4f28-a985-7db5bbb4057d",
        "4fdc4e80-d406-48d2-b1b2-ac60a9269e32"
      ]
    }
  }
},
{
  "model": "core.studentquizattempt",
  "pk": 514,
  "fields": {
    "student": [
      "student2"
    ],
    "quiz": 10,
    "started_at": "2025-07-09T09:23:29.658Z",
    "completed_at": null,
    "score": 0,
    "total": 0,
    "meta": {
      "selected_question_ids": [
        "b3eb6172-8c21-4b08-ba10-7e6d3831d221",
        "9ce72368-3160-4b3a-8bb6-58999e8482df",
        "4fdc4e80-d406-48d2-b1b2-ac60a9269e32",
        "bc6b35f4-16b2-4edc-bcf3-d537206a32e5",
        "107c46ee-f717-4cad-a67d-18b7ffc3d9c9",
        "e278cbf4-9e6a-4db1-b632-da5d396dab4a",
        "44726b4b-5166-4f28-a985-7db5bbb4057d",
        "b0336f5f-2399-46cf-a9db-f164551a3ae8",
        "233c7215-c176-49ff-8b6f-a2b781055e44",
        "d345b8b1-5560-4a99-9baf-589ae7af2b26"
      ]
    }
  }
},
{
  "model": "core.studentquizattempt",
  "pk": 515,
  "fields": {
    "student": [
      "student2"
    ],
    "quiz": 10,
    "started_at": "2025-07-09T09:23:29.659Z",
    "completed_at": null,
    "score": 0,
    "total": 0,
    "meta": {
      "selected_question_ids": [
        "4fdc4e80-d406-48d2-b1b2-ac60a9269e32",
        "b0336f5f-2399-46cf-a9db-f164551a3ae8",
        "bc6b35f4-16b2-4edc-bcf3-d537206a32e5",
        "e278cbf4-9e6a-4db1-b632-da5d396dab4a",
        "b6373211-b095-4f4c-aa39-76d0ec0304c2",
        "107c46ee-f717-4cad-a67d-18b7ffc3d9c9",
        "d345b8b1-5560-4a99-9baf-589ae7af2b26",
        "44726b4b-5166-4f28-a985-7db5bbb4057d",
        "9ce72368-3160-4b3a-8bb6-58999e8482df",
        "233c7215-c176-49ff-8b6f-a2b781055e44"
      ]
    }
  }
},
{
  "model": "core.studentquizattempt",
  "pk": 516,
  "fields": {
    "student": [
      "student2"
    ],
    "quiz": 10,
    "started_at": "2025-07-11T06:59:10.358Z",
    "completed_at": null,
    "score": 0,
    "total": 0,
    "meta": {
      "selected_question_ids": [
        "b6373211-b095-4f4c-aa39-76d0ec0304c2",
        "b0336f5f-2399-46cf-a9db-f164551a3ae8",
        "bc6b35f4-16b2-4edc-bcf3-d537206a32e5",
        "b3eb6172-8c21-4b08-ba10-7e6d3831d221",
        "233c7215-c176-49ff-8b6f-a2b781055e44",
        "107c46ee-f717-4cad-a67d-18b7ffc3d9c9",
        "e278cbf4-9e6a-4db1-b632-da5d396dab4a",
        "d345b8b1-5560-4a99-9baf-589ae7af2b26",
        "9ce72368-3160-4b3a-8bb6-58999e8482df",
        "4fdc4e80-d406-48d2-b1b2-ac60a9269e32"
      ]
    }
  }
},
{
  "model": "core.studentquizattempt",
  "pk": 517,
  "fields": {
    "student": [
      "student2"
    ],
    "quiz": 10,
    "started_at": "2025-07-11T06:59:10.359Z",
    "completed_at": null,
    "score": 0,
    "total": 0,
    "meta": {
      "selected_question_ids": [
        "b6373211-b095-4f4c-aa39-76d0ec0304c2",
        "44726b4b-5166-4f28-a985-7db5bbb4057d",
        "233c7215-c176-49ff-8b6f-a2b781055e44",
        "d345b8b1-5560-4a99-9baf-589ae7af2b26",
        "b0336f5f-2399-46cf-a9db-f164551a3ae8",
        "4fdc4e80-d406-48d2-b1b2-ac60a9269e32",
        "107c46ee-f717-4cad-a67d-18b7ffc3d9c9",
        "e278cbf4-9e6a-4db1-b632-da5d396dab4a",
        "9ce72368-3160-4b3a-8bb6-58999e8482df",
        "b3eb6172-8c21-4b08-ba10-7e6d3831d221"
      ]
    }
  }
},
{
  "model": "core.studentquizattempt",
  "pk": 518,
  "fields": {
    "student": [
      "student2"
    ],
    "quiz": 10,
    "started_at": "2025-07-11T07:03:32.811Z",
    "completed_at": null,
    "score": 0,
    "total": 0,
    "meta": {
      "selected_question_ids": [
        "d345b8b1-5560-4a99-9baf-589ae7af2b26",
        "b0336f5f-2399-46cf-a9db-f164551a3ae8",
        "e278cbf4-9e6a-4db1-b632-da5d396dab4a",
        "233c7215-c176-49ff-8b6f-a2b781055e44",
        "44726b4b-5166-4f28-a985-7db5bbb4057d",
        "4fdc4e80-d406-48d2-b1b2-ac60a9269e32",
        "9ce72368-3160-4b3a-8bb6-58999e8482df",
        "b3eb6172-8c21-4b08-ba10-7e6d3831d221",
        "b6373211-b095-4f4c-aa39-76d0ec0304c2",
        "bc6b35f4-16b2-4edc-bcf3-d537206a32e5"
      ]
    }
  }
},
{
  "model": "core.studentquizattempt",
  "pk": 519,
  "fields": {
    "student": [
      "student2"
    ],
    "quiz": 10,
    "started_at": "2025-07-11T07:03:32.812Z",
    "completed_at": null,
    "score": 0,
    "total": 0,
    "meta": {
      "selected_question_ids": [
        "d345b8b1-5560-4a99-9baf-589ae7af2b26",
        "b6373211-b095-4f4c-aa39-76d0ec0304c2",
        "44726b4b-5166-4f28-a985-7db5bbb4057d",
        "b0336f5f-2399-46cf-a9db-f164551a3ae8",
        "e278cbf4-9e6a-4db1-b632-da5d396dab4a",
        "bc6b35f4-16b2-4edc-bcf3-d537206a32e5",
        "4fdc4e80-d406-48d2-b1b2-ac60a9269e32",
        "9ce72368-3160-4b3a-8bb6-58999e8482df",
        "233c7215-c176-49ff-8b6f-a2b781055e44",
        "b3eb6172-8c21-4b08-ba10-7e6d3831d221"
      ]
    }
  }
},
{
  "model": "core.studentquizattempt",
  "pk": 520,
  "fields": {
    "student": [
      "student2"
    ],
    "quiz": 13,
    "started_at": "2025-07-11T14:38:17.312Z",
    "completed_at": null,
    "score": 0,
    "total": 0,
    "meta": {
      "selected_question_ids": [
        "233c7215-c176-49ff-8b6f-a2b781055e44",
        "e278cbf4-9e6a-4db1-b632-da5d396dab4a",
        "b3eb6172-8c21-4b08-ba10-7e6d3831d221",
        "9ce72368-3160-4b3a-8bb6-58999e8482df",
        "b6373211-b095-4f4c-aa39-76d0ec0304c2",
        "d345b8b1-5560-4a99-9baf-589ae7af2b26",
        "b0336f5f-2399-46cf-a9db-f164551a3ae8",
        "bc6b35f4-16b2-4edc-bcf3-d537206a32e5",
        "107c46ee-f717-4cad-a67d-18b7ffc3d9c9",
        "44726b4b-5166-4f28-a985-7db5bbb4057d"
      ]
    }
  }
},
{
  "model": "core.studentquizattempt",
  "pk": 521,
  "fields": {
    "student": [
      "student2"
    ],
    "quiz": 13,
    "started_at": "2025-07-11T14:38:17.313Z",
    "completed_at": null,
    "score": 0,
    "total": 0,
    "meta": {
      "selected_question_ids": [
        "b0336f5f-2399-46cf-a9db-f164551a3ae8",
        "bc6b35f4-16b2-4edc-bcf3-d537206a32e5",
        "b3eb6172-8c21-4b08-ba10-7e6d3831d221",
        "b6373211-b095-4f4c-aa39-76d0ec0304c2",
        "9ce72368-3160-4b3a-8bb6-58999e8482df",
        "44726b4b-5166-4f28-a985-7db5bbb4057d",
        "e278cbf4-9e6a-4db1-b632-da5d396dab4a",
        "107c46ee-f717-4cad-a67d-18b7ffc3d9c9",
        "d345b8b1-5560-4a99-9baf-589ae7af2b26",
        "4fdc4e80-d406-48d2-b1b2-ac60a9269e32"
      ]
    }
  }
},
{
  "model": "core.studentquizattempt",
  "pk": 522,
  "fields": {
    "student": [
      "student2"
    ],
    "quiz": 10,
    "started_at": "2025-07-11T15:08:57.147Z",
    "completed_at": null,
    "score": 0,
    "total": 0,
    "meta": {
      "selected_question_ids": [
        "107c46ee-f717-4cad-a67d-18b7ffc3d9c9",
        "b3eb6172-8c21-4b08-ba10-7e6d3831d221",
        "b6373211-b095-4f4c-aa39-76d0ec0304c2",
        "233c7215-c176-49ff-8b6f-a2b781055e44",
        "4fdc4e80-d406-48d2-b1b2-ac60a9269e32",
        "e278cbf4-9e6a-4db1-b632-da5d396dab4a",
        "9ce72368-3160-4b3a-8bb6-58999e8482df",
        "44726b4b-5166-4f28-a985-7db5bbb4057d",
        "b0336f5f-2399-46cf-a9db-f164551a3ae8",
        "bc6b35f4-16b2-4edc-bcf3-d537206a32e5"
      ]
    }
  }
},
{
  "model": "core.studentquizattempt",
  "pk": 523,
  "fields": {
    "student": [
      "student2"
    ],
    "quiz": 10,
    "started_at": "2025-07-11T15:08:57.148Z",
    "completed_at": null,
    "score": 0,
    "total": 0,
    "meta": {
      "selected_question_ids": [
        "b3eb6172-8c21-4b08-ba10-7e6d3831d221",
        "bc6b35f4-16b2-4edc-bcf3-d537206a32e5",
        "d345b8b1-5560-4a99-9baf-589ae7af2b26",
        "9ce72368-3160-4b3a-8bb6-58999e8482df",
        "e278cbf4-9e6a-4db1-b632-da5d396dab4a",
        "b0336f5f-2399-46cf-a9db-f164551a3ae8",
        "107c46ee-f717-4cad-a67d-18b7ffc3d9c9",
        "4fdc4e80-d406-48d2-b1b2-ac60a9269e32",
        "44726b4b-5166-4f28-a985-7db5bbb4057d",
        "233c7215-c176-49ff-8b6f-a2b781055e44"
      ]
    }
  }
},
{
  "model": "core.studentquizattempt",
  "pk": 524,
  "fields": {
    "student": [
      "student2"
    ],
    "quiz": 10,
    "started_at": "2025-07-11T15:12:56.571Z",
    "completed_at": null,
    "score": 0,
    "total": 0,
    "meta": {
      "selected_question_ids": [
        "b6373211-b095-4f4c-aa39-76d0ec0304c2",
        "9ce72368-3160-4b3a-8bb6-58999e8482df",
        "d345b8b1-5560-4a99-9baf-589ae7af2b26",
        "233c7215-c176-49ff-8b6f-a2b781055e44",
        "b0336f5f-2399-46cf-a9db-f164551a3ae8",
        "107c46ee-f717-4cad-a67d-18b7ffc3d9c9",
        "44726b4b-5166-4f28-a985-7db5bbb4057d",
        "bc6b35f4-16b2-4edc-bcf3-d537206a32e5",
        "4fdc4e80-d406-48d2-b1b2-ac60a9269e32",
        "e278cbf4-9e6a-4db1-b632-da5d396dab4a"
      ]
    }
  }
},
{
  "model": "core.studentquizattempt",
  "pk": 525,
  "fields": {
    "student": [
      "student2"
    ],
    "quiz": 10,
    "started_at": "2025-07-11T15:12:56.571Z",
    "completed_at": null,
    "score": 0,
    "total": 0,
    "meta": {
      "selected_question_ids": [
        "233c7215-c176-49ff-8b6f-a2b781055e44",
        "bc6b35f4-16b2-4edc-bcf3-d537206a32e5",
        "e278cbf4-9e6a-4db1-b632-da5d396dab4a",
        "44726b4b-5166-4f28-a985-7db5bbb4057d",
        "b6373211-b095-4f4c-aa39-76d0ec0304c2",
        "107c46ee-f717-4cad-a67d-18b7ffc3d9c9",
        "d345b8b1-5560-4a99-9baf-589ae7af2b26",
        "9ce72368-3160-4b3a-8bb6-58999e8482df",
        "b0336f5f-2399-46cf-a9db-f164551a3ae8",
        "b3eb6172-8c21-4b08-ba10-7e6d3831d221"
      ]
    }
  }
},
{
  "model": "core.studentquizattempt",
  "pk": 526,
  "fields": {
    "student": [
      "student2"
    ],
    "quiz": 10,
    "started_at": "2025-07-11T15:18:07.020Z",
    "completed_at": null,
    "score": 0,
    "total": 0,
    "meta": {
      "selected_question_ids": [
        "233c7215-c176-49ff-8b6f-a2b781055e44",
        "9ce72368-3160-4b3a-8bb6-58999e8482df",
        "b3eb6172-8c21-4b08-ba10-7e6d3831d221",
        "bc6b35f4-16b2-4edc-bcf3-d537206a32e5",
        "b6373211-b095-4f4c-aa39-76d0ec0304c2",
        "44726b4b-5166-4f28-a985-7db5bbb4057d",
        "107c46ee-f717-4cad-a67d-18b7ffc3d9c9",
        "e278cbf4-9e6a-4db1-b632-da5d396dab4a",
        "4fdc4e80-d406-48d2-b1b2-ac60a9269e32",
        "d345b8b1-5560-4a99-9baf-589ae7af2b26"
      ]
    }
  }
},
{
  "model": "core.studentquizattempt",
  "pk": 527,
  "fields": {
    "student": [
      "student2"
    ],
    "quiz": 10,
    "started_at": "2025-07-11T15:18:07.024Z",
    "completed_at": null,
    "score": 0,
    "total": 0,
    "meta": {
      "selected_question_ids": [
        "4fdc4e80-d406-48d2-b1b2-ac60a9269e32",
        "e278cbf4-9e6a-4db1-b632-da5d396dab4a",
        "b3eb6172-8c21-4b08-ba10-7e6d3831d221",
        "bc6b35f4-16b2-4edc-bcf3-d537206a32e5",
        "44726b4b-5166-4f28-a985-7db5bbb4057d",
        "107c46ee-f717-4cad-a67d-18b7ffc3d9c9",
        "9ce72368-3160-4b3a-8bb6-58999e8482df",
        "b0336f5f-2399-46cf-a9db-f164551a3ae8",
        "233c7215-c176-49ff-8b6f-a2b781055e44",
        "b6373211-b095-4f4c-aa39-76d0ec0304c2"
      ]
    }
  }
},
{
  "model": "core.studentquizattempt",
  "pk": 528,
  "fields": {
    "student": [
      "student2"
    ],
    "quiz": 10,
    "started_at": "2025-07-11T15:19:36.983Z",
    "completed_at": null,
    "score": 0,
    "total": 0,
    "meta": {
      "selected_question_ids": [
        "b3eb6172-8c21-4b08-ba10-7e6d3831d221",
        "d345b8b1-5560-4a99-9baf-589ae7af2b26",
        "b0336f5f-2399-46cf-a9db-f164551a3ae8",
        "4fdc4e80-d406-48d2-b1b2-ac60a9269e32",
        "e278cbf4-9e6a-4db1-b632-da5d396dab4a",
        "107c46ee-f717-4cad-a67d-18b7ffc3d9c9",
        "44726b4b-5166-4f28-a985-7db5bbb4057d",
        "233c7215-c176-49ff-8b6f-a2b781055e44",
        "b6373211-b095-4f4c-aa39-76d0ec0304c2",
        "bc6b35f4-16b2-4edc-bcf3-d537206a32e5"
      ]
    }
  }
},
{
  "model": "core.studentquizattempt",
  "pk": 529,
  "fields": {
    "student": [
      "student2"
    ],
    "quiz": 10,
    "started_at": "2025-07-11T15:19:36.984Z",
    "completed_at": "2025-07-11T15:23:46.579Z",
    "score": 80,
    "total": 0,
    "meta": {
      "selected_question_ids": [
        "bc6b35f4-16b2-4edc-bcf3-d537206a32e5",
        "4fdc4e80-d406-48d2-b1b2-ac60a9269e32",
        "233c7215-c176-49ff-8b6f-a2b781055e44",
        "107c46ee-f717-4cad-a67d-18b7ffc3d9c9",
        "b6373211-b095-4f4c-aa39-76d0ec0304c2",
        "b0336f5f-2399-46cf-a9db-f164551a3ae8",
        "b3eb6172-8c21-4b08-ba10-7e6d3831d221",
        "9ce72368-3160-4b3a-8bb6-58999e8482df",
        "e278cbf4-9e6a-4db1-b632-da5d396dab4a",
        "44726b4b-5166-4f28-a985-7db5bbb4057d"
      ]
    }
  }
},
{
  "model": "core.studentquizattempt",
  "pk": 530,
  "fields": {
    "student": [
      "student2"
    ],
    "quiz": 10,
    "started_at": "2025-07-11T15:26:51.056Z",
    "completed_at": null,
    "score": 0,
    "total": 0,
    "meta": {
      "selected_question_ids": [
        "b3eb6172-8c21-4b08-ba10-7e6d3831d221",
        "44726b4b-5166-4f28-a985-7db5bbb4057d",
        "b6373211-b095-4f4c-aa39-76d0ec0304c2",
        "4fdc4e80-d406-48d2-b1b2-ac60a9269e32",
        "233c7215-c176-49ff-8b6f-a2b781055e44",
        "107c46ee-f717-4cad-a67d-18b7ffc3d9c9",
        "9ce72368-3160-4b3a-8bb6-58999e8482df",
        "b0336f5f-2399-46cf-a9db-f164551a3ae8",
        "d345b8b1-5560-4a99-9baf-589ae7af2b26",
        "e278cbf4-9e6a-4db1-b632-da5d396dab4a"
      ]
    }
  }
},
{
  "model": "core.studentquizattempt",
  "pk": 531,
  "fields": {
    "student": [
      "student2"
    ],
    "quiz": 10,
    "started_at": "2025-07-11T15:26:51.058Z",
    "completed_at": null,
    "score": 0,
    "total": 0,
    "meta": {
      "selected_question_ids": [
        "b6373211-b095-4f4c-aa39-76d0ec0304c2",
        "bc6b35f4-16b2-4edc-bcf3-d537206a32e5",
        "b3eb6172-8c21-4b08-ba10-7e6d3831d221",
        "233c7215-c176-49ff-8b6f-a2b781055e44",
        "e278cbf4-9e6a-4db1-b632-da5d396dab4a",
        "4fdc4e80-d406-48d2-b1b2-ac60a9269e32",
        "44726b4b-5166-4f28-a985-7db5bbb4057d",
        "d345b8b1-5560-4a99-9baf-589ae7af2b26",
        "107c46ee-f717-4cad-a67d-18b7ffc3d9c9",
        "9ce72368-3160-4b3a-8bb6-58999e8482df"
      ]
    }
  }
},
{
  "model": "core.studentquizattempt",
  "pk": 532,
  "fields": {
    "student": [
      "student2"
    ],
    "quiz": 10,
    "started_at": "2025-07-11T15:32:04.784Z",
    "completed_at": null,
    "score": 0,
    "total": 0,
    "meta": {
      "selected_question_ids": [
        "9ce72368-3160-4b3a-8bb6-58999e8482df",
        "233c7215-c176-49ff-8b6f-a2b781055e44",
        "b6373211-b095-4f4c-aa39-76d0ec0304c2",
        "b3eb6172-8c21-4b08-ba10-7e6d3831d221",
        "b0336f5f-2399-46cf-a9db-f164551a3ae8",
        "44726b4b-5166-4f28-a985-7db5bbb4057d",
        "bc6b35f4-16b2-4edc-bcf3-d537206a32e5",
        "107c46ee-f717-4cad-a67d-18b7ffc3d9c9",
        "d345b8b1-5560-4a99-9baf-589ae7af2b26",
        "e278cbf4-9e6a-4db1-b632-da5d396dab4a"
      ]
    }
  }
},
{
  "model": "core.studentquizattempt",
  "pk": 533,
  "fields": {
    "student": [
      "student2"
    ],
    "quiz": 10,
    "started_at": "2025-07-11T15:32:04.785Z",
    "completed_at": null,
    "score": 0,
    "total": 0,
    "meta": {
      "selected_question_ids": [
        "b3eb6172-8c21-4b08-ba10-7e6d3831d221",
        "b0336f5f-2399-46cf-a9db-f164551a3ae8",
        "e278cbf4-9e6a-4db1-b632-da5d396dab4a",
        "9ce72368-3160-4b3a-8bb6-58999e8482df",
        "4fdc4e80-d406-48d2-b1b2-ac60a9269e32",
        "d345b8b1-5560-4a99-9baf-589ae7af2b26",
        "233c7215-c176-49ff-8b6f-a2b781055e44",
        "b6373211-b095-4f4c-aa39-76d0ec0304c2",
        "107c46ee-f717-4cad-a67d-18b7ffc3d9c9",
        "bc6b35f4-16b2-4edc-bcf3-d537206a32e5"
      ]
    }
  }
},
{
  "model": "core.studentquizattempt",
  "pk": 534,
  "fields": {
    "student": [
      "student2"
    ],
    "quiz": 10,
    "started_at": "2025-07-11T15:48:15.661Z",
    "completed_at": null,
    "score": 0,
    "total": 0,
    "meta": {
      "selected_question_ids": [
        "233c7215-c176-49ff-8b6f-a2b781055e44",
        "e278cbf4-9e6a-4db1-b632-da5d396dab4a",
        "4fdc4e80-d406-48d2-b1b2-ac60a9269e32",
        "bc6b35f4-16b2-4edc-bcf3-d537206a32e5",
        "b3eb6172-8c21-4b08-ba10-7e6d3831d221",
        "d345b8b1-5560-4a99-9baf-589ae7af2b26",
        "9ce72368-3160-4b3a-8bb6-58999e8482df",
        "b6373211-b095-4f4c-aa39-76d0ec0304c2",
        "107c46ee-f717-4cad-a67d-18b7ffc3d9c9",
        "44726b4b-5166-4f28-a985-7db5bbb4057d"
      ]
    }
  }
},
{
  "model": "core.studentquizattempt",
  "pk": 535,
  "fields": {
    "student": [
      "student2"
    ],
    "quiz": 10,
    "started_at": "2025-07-11T15:48:15.662Z",
    "completed_at": null,
    "score": 0,
    "total": 0,
    "meta": {
      "selected_question_ids": [
        "107c46ee-f717-4cad-a67d-18b7ffc3d9c9",
        "e278cbf4-9e6a-4db1-b632-da5d396dab4a",
        "bc6b35f4-16b2-4edc-bcf3-d537206a32e5",
        "4fdc4e80-d406-48d2-b1b2-ac60a9269e32",
        "b0336f5f-2399-46cf-a9db-f164551a3ae8",
        "44726b4b-5166-4f28-a985-7db5bbb4057d",
        "b3eb6172-8c21-4b08-ba10-7e6d3831d221",
        "d345b8b1-5560-4a99-9baf-589ae7af2b26",
        "233c7215-c176-49ff-8b6f-a2b781055e44",
        "9ce72368-3160-4b3a-8bb6-58999e8482df"
      ]
    }
  }
},
{
  "model": "core.studentquizattempt",
  "pk": 536,
  "fields": {
    "student": [
      "student2"
    ],
    "quiz": 10,
    "started_at": "2025-07-11T15:51:01.095Z",
    "completed_at": null,
    "score": 0,
    "total": 0,
    "meta": {
      "selected_question_ids": [
        "7d88e3b1-04a3-4167-a72e-688c4cda04ef",
        "233c7215-c176-49ff-8b6f-a2b781055e44",
        "78ee10bf-6a6a-4c5b-a290-299aed6649e6",
        "35d14b18-11d0-49fc-a326-dbc33101abf8",
        "b0336f5f-2399-46cf-a9db-f164551a3ae8",
        "ccebd6b2-4fd9-4bd8-9d07-a4a78910617a",
        "b3eb6172-8c21-4b08-ba10-7e6d3831d221",
        "44726b4b-5166-4f28-a985-7db5bbb4057d",
        "d9e591c9-b336-4174-99e0-94cdb0d10021",
        "bc6b35f4-16b2-4edc-bcf3-d537206a32e5"
      ]
    }
  }
},
{
  "model": "core.studentquizattempt",
  "pk": 537,
  "fields": {
    "student": [
      "student2"
    ],
    "quiz": 10,
    "started_at": "2025-07-11T15:51:01.096Z",
    "completed_at": null,
    "score": 0,
    "total": 0,
    "meta": {
      "selected_question_ids": [
        "d9e591c9-b336-4174-99e0-94cdb0d10021",
        "a777d7d6-1663-440f-b83d-4d12f1b01a47",
        "d345b8b1-5560-4a99-9baf-589ae7af2b26",
        "b3eb6172-8c21-4b08-ba10-7e6d3831d221",
        "bc6b35f4-16b2-4edc-bcf3-d537206a32e5",
        "b6373211-b095-4f4c-aa39-76d0ec0304c2",
        "27ffc09b-589e-4bcc-b577-65521d773e86",
        "6caa1ee6-1644-45a1-9435-7a5ff7d52d4e",
        "7928bcc2-f9c0-4d9b-b696-caafe9626091",
        "50f7a1a3-30b0-4b2e-8c08-0a0f125866e0"
      ]
    }
  }
},
{
  "model": "core.studentquizattempt",
  "pk": 538,
  "fields": {
    "student": [
      "student2"
    ],
    "quiz": 15,
    "started_at": "2025-07-11T15:51:06.702Z",
    "completed_at": null,
    "score": 0,
    "total": 0,
    "meta": {
      "selected_question_ids": [
        "7d88e3b1-04a3-4167-a72e-688c4cda04ef",
        "d345b8b1-5560-4a99-9baf-589ae7af2b26",
        "b2694440-ba32-45f1-86d1-ee36ff6837bc",
        "b3eb6172-8c21-4b08-ba10-7e6d3831d221",
        "107c46ee-f717-4cad-a67d-18b7ffc3d9c9",
        "d03949f3-10a0-4643-be76-59bdffdc694d",
        "9ce72368-3160-4b3a-8bb6-58999e8482df",
        "233c7215-c176-49ff-8b6f-a2b781055e44",
        "52979376-cd64-48df-903d-6885033cb026",
        "bc6b35f4-16b2-4edc-bcf3-d537206a32e5",
        "27ffc09b-589e-4bcc-b577-65521d773e86",
        "50f7a1a3-30b0-4b2e-8c08-0a0f125866e0",
        "b6373211-b095-4f4c-aa39-76d0ec0304c2",
        "d6317ee0-ec45-4a19-8d91-dc3eb27d9a93",
        "e278cbf4-9e6a-4db1-b632-da5d396dab4a",
        "a777d7d6-1663-440f-b83d-4d12f1b01a47",
        "5777fdcc-93df-40ae-b019-e7099e22203b",
        "b0336f5f-2399-46cf-a9db-f164551a3ae8",
        "7928bcc2-f9c0-4d9b-b696-caafe9626091",
        "35d14b18-11d0-49fc-a326-dbc33101abf8"
      ]
    }
  }
},
{
  "model": "core.studentquizattempt",
  "pk": 539,
  "fields": {
    "student": [
      "student2"
    ],
    "quiz": 15,
    "started_at": "2025-07-11T15:51:06.703Z",
    "completed_at": null,
    "score": 0,
    "total": 0,
    "meta": {
      "selected_question_ids": [
        "5777fdcc-93df-40ae-b019-e7099e22203b",
        "233c7215-c176-49ff-8b6f-a2b781055e44",
        "bc6b35f4-16b2-4edc-bcf3-d537206a32e5",
        "b6373211-b095-4f4c-aa39-76d0ec0304c2",
        "35d14b18-11d0-49fc-a326-dbc33101abf8",
        "7d88e3b1-04a3-4167-a72e-688c4cda04ef",
        "b2694440-ba32-45f1-86d1-ee36ff6837bc",
        "d345b8b1-5560-4a99-9baf-589ae7af2b26",
        "9ce72368-3160-4b3a-8bb6-58999e8482df",
        "50f7a1a3-30b0-4b2e-8c08-0a0f125866e0",
        "ccebd6b2-4fd9-4bd8-9d07-a4a78910617a",
        "d03949f3-10a0-4643-be76-59bdffdc694d",
        "107c46ee-f717-4cad-a67d-18b7ffc3d9c9",
        "7928bcc2-f9c0-4d9b-b696-caafe9626091",
        "52979376-cd64-48df-903d-6885033cb026",
        "44726b4b-5166-4f28-a985-7db5bbb4057d",
        "78ee10bf-6a6a-4c5b-a290-299aed6649e6",
        "4fdc4e80-d406-48d2-b1b2-ac60a9269e32",
        "27ffc09b-589e-4bcc-b577-65521d773e86",
        "b0336f5f-2399-46cf-a9db-f164551a3ae8"
      ]
    }
  }
},
{
  "model": "core.studentquizattempt",
  "pk": 540,
  "fields": {
    "student": [
      "student2"
    ],
    "quiz": 15,
    "started_at": "2025-07-11T15:59:44.764Z",
    "completed_at": null,
    "score": 0,
    "total": 0,
    "meta": {
      "selected_question_ids": [
        "7d88e3b1-04a3-4167-a72e-688c4cda04ef",
        "d03949f3-10a0-4643-be76-59bdffdc694d",
        "27ffc09b-589e-4bcc-b577-65521d773e86",
        "52979376-cd64-48df-903d-6885033cb026",
        "b2694440-ba32-45f1-86d1-ee36ff6837bc",
        "7928bcc2-f9c0-4d9b-b696-caafe9626091",
        "9ce72368-3160-4b3a-8bb6-58999e8482df",
        "6caa1ee6-1644-45a1-9435-7a5ff7d52d4e",
        "4fdc4e80-d406-48d2-b1b2-ac60a9269e32",
        "a777d7d6-1663-440f-b83d-4d12f1b01a47",
        "d6317ee0-ec45-4a19-8d91-dc3eb27d9a93",
        "107c46ee-f717-4cad-a67d-18b7ffc3d9c9",
        "50f7a1a3-30b0-4b2e-8c08-0a0f125866e0",
        "ccebd6b2-4fd9-4bd8-9d07-a4a78910617a",
        "b3eb6172-8c21-4b08-ba10-7e6d3831d221",
        "35d14b18-11d0-49fc-a326-dbc33101abf8",
        "d345b8b1-5560-4a99-9baf-589ae7af2b26",
        "b0336f5f-2399-46cf-a9db-f164551a3ae8",
        "5777fdcc-93df-40ae-b019-e7099e22203b",
        "bc6b35f4-16b2-4edc-bcf3-d537206a32e5"
      ]
    }
  }
},
{
  "model": "core.studentquizattempt",
  "pk": 541,
  "fields": {
    "student": [
      "student2"
    ],
    "quiz": 15,
    "started_at": "2025-07-11T15:59:44.764Z",
    "completed_at": null,
    "score": 0,
    "total": 0,
    "meta": {
      "selected_question_ids": [
        "9ce72368-3160-4b3a-8bb6-58999e8482df",
        "d03949f3-10a0-4643-be76-59bdffdc694d",
        "ccebd6b2-4fd9-4bd8-9d07-a4a78910617a",
        "d6317ee0-ec45-4a19-8d91-dc3eb27d9a93",
        "b0336f5f-2399-46cf-a9db-f164551a3ae8",
        "233c7215-c176-49ff-8b6f-a2b781055e44",
        "6caa1ee6-1644-45a1-9435-7a5ff7d52d4e",
        "35d14b18-11d0-49fc-a326-dbc33101abf8",
        "a777d7d6-1663-440f-b83d-4d12f1b01a47",
        "d9e591c9-b336-4174-99e0-94cdb0d10021",
        "b2694440-ba32-45f1-86d1-ee36ff6837bc",
        "b3eb6172-8c21-4b08-ba10-7e6d3831d221",
        "e278cbf4-9e6a-4db1-b632-da5d396dab4a",
        "7d88e3b1-04a3-4167-a72e-688c4cda04ef",
        "52979376-cd64-48df-903d-6885033cb026",
        "50f7a1a3-30b0-4b2e-8c08-0a0f125866e0",
        "bc6b35f4-16b2-4edc-bcf3-d537206a32e5",
        "44726b4b-5166-4f28-a985-7db5bbb4057d",
        "27ffc09b-589e-4bcc-b577-65521d773e86",
        "107c46ee-f717-4cad-a67d-18b7ffc3d9c9"
      ]
    }
  }
},
{
  "model": "core.studentquizattempt",
  "pk": 542,
  "fields": {
    "student": [
      "student2"
    ],
    "quiz": 10,
    "started_at": "2025-07-11T16:00:31.372Z",
    "completed_at": null,
    "score": 0,
    "total": 0,
    "meta": {
      "selected_question_ids": [
        "50f7a1a3-30b0-4b2e-8c08-0a0f125866e0",
        "107c46ee-f717-4cad-a67d-18b7ffc3d9c9",
        "b3eb6172-8c21-4b08-ba10-7e6d3831d221",
        "d345b8b1-5560-4a99-9baf-589ae7af2b26",
        "6caa1ee6-1644-45a1-9435-7a5ff7d52d4e",
        "bc6b35f4-16b2-4edc-bcf3-d537206a32e5",
        "ccebd6b2-4fd9-4bd8-9d07-a4a78910617a",
        "e278cbf4-9e6a-4db1-b632-da5d396dab4a",
        "d03949f3-10a0-4643-be76-59bdffdc694d",
        "a777d7d6-1663-440f-b83d-4d12f1b01a47"
      ]
    }
  }
},
{
  "model": "core.studentquizattempt",
  "pk": 543,
  "fields": {
    "student": [
      "student2"
    ],
    "quiz": 10,
    "started_at": "2025-07-11T16:00:31.372Z",
    "completed_at": null,
    "score": 0,
    "total": 0,
    "meta": {
      "selected_question_ids": [
        "50f7a1a3-30b0-4b2e-8c08-0a0f125866e0",
        "107c46ee-f717-4cad-a67d-18b7ffc3d9c9",
        "5777fdcc-93df-40ae-b019-e7099e22203b",
        "7928bcc2-f9c0-4d9b-b696-caafe9626091",
        "d345b8b1-5560-4a99-9baf-589ae7af2b26",
        "35d14b18-11d0-49fc-a326-dbc33101abf8",
        "52979376-cd64-48df-903d-6885033cb026",
        "4fdc4e80-d406-48d2-b1b2-ac60a9269e32",
        "b6373211-b095-4f4c-aa39-76d0ec0304c2",
        "9ce72368-3160-4b3a-8bb6-58999e8482df"
      ]
    }
  }
},
{
  "model": "core.studentquizattempt",
  "pk": 544,
  "fields": {
    "student": [
      "student2"
    ],
    "quiz": 15,
    "started_at": "2025-07-11T16:02:54.469Z",
    "completed_at": null,
    "score": 0,
    "total": 0,
    "meta": {
      "selected_question_ids": [
        "50f7a1a3-30b0-4b2e-8c08-0a0f125866e0",
        "e278cbf4-9e6a-4db1-b632-da5d396dab4a",
        "b0336f5f-2399-46cf-a9db-f164551a3ae8",
        "4fdc4e80-d406-48d2-b1b2-ac60a9269e32",
        "27ffc09b-589e-4bcc-b577-65521d773e86",
        "233c7215-c176-49ff-8b6f-a2b781055e44",
        "78ee10bf-6a6a-4c5b-a290-299aed6649e6",
        "35d14b18-11d0-49fc-a326-dbc33101abf8",
        "9ce72368-3160-4b3a-8bb6-58999e8482df",
        "107c46ee-f717-4cad-a67d-18b7ffc3d9c9",
        "b3eb6172-8c21-4b08-ba10-7e6d3831d221",
        "6caa1ee6-1644-45a1-9435-7a5ff7d52d4e",
        "44726b4b-5166-4f28-a985-7db5bbb4057d",
        "bc6b35f4-16b2-4edc-bcf3-d537206a32e5",
        "d9e591c9-b336-4174-99e0-94cdb0d10021",
        "52979376-cd64-48df-903d-6885033cb026",
        "d03949f3-10a0-4643-be76-59bdffdc694d",
        "7928bcc2-f9c0-4d9b-b696-caafe9626091",
        "a777d7d6-1663-440f-b83d-4d12f1b01a47",
        "d345b8b1-5560-4a99-9baf-589ae7af2b26"
      ]
    }
  }
},
{
  "model": "core.studentquizattempt",
  "pk": 545,
  "fields": {
    "student": [
      "student2"
    ],
    "quiz": 15,
    "started_at": "2025-07-11T16:02:54.469Z",
    "completed_at": null,
    "score": 0,
    "total": 0,
    "meta": {
      "selected_question_ids": [
        "d03949f3-10a0-4643-be76-59bdffdc694d",
        "a777d7d6-1663-440f-b83d-4d12f1b01a47",
        "b3eb6172-8c21-4b08-ba10-7e6d3831d221",
        "7928bcc2-f9c0-4d9b-b696-caafe9626091",
        "7d88e3b1-04a3-4167-a72e-688c4cda04ef",
        "107c46ee-f717-4cad-a67d-18b7ffc3d9c9",
        "35d14b18-11d0-49fc-a326-dbc33101abf8",
        "e278cbf4-9e6a-4db1-b632-da5d396dab4a",
        "50f7a1a3-30b0-4b2e-8c08-0a0f125866e0",
        "27ffc09b-589e-4bcc-b577-65521d773e86",
        "b0336f5f-2399-46cf-a9db-f164551a3ae8",
        "9ce72368-3160-4b3a-8bb6-58999e8482df",
        "233c7215-c176-49ff-8b6f-a2b781055e44",
        "d6317ee0-ec45-4a19-8d91-dc3eb27d9a93",
        "d345b8b1-5560-4a99-9baf-589ae7af2b26",
        "52979376-cd64-48df-903d-6885033cb026",
        "bc6b35f4-16b2-4edc-bcf3-d537206a32e5",
        "d9e591c9-b336-4174-99e0-94cdb0d10021",
        "6caa1ee6-1644-45a1-9435-7a5ff7d52d4e",
        "78ee10bf-6a6a-4c5b-a290-299aed6649e6"
      ]
    }
  }
},
{
  "model": "core.studentquizattempt",
  "pk": 546,
  "fields": {
    "student": [
      "student2"
    ],
    "quiz": 15,
    "started_at": "2025-07-11T16:03:31.785Z",
    "completed_at": null,
    "score": 0,
    "total": 0,
    "meta": {
      "selected_question_ids": [
        "5777fdcc-93df-40ae-b019-e7099e22203b",
        "52979376-cd64-48df-903d-6885033cb026",
        "44726b4b-5166-4f28-a985-7db5bbb4057d",
        "78ee10bf-6a6a-4c5b-a290-299aed6649e6",
        "ccebd6b2-4fd9-4bd8-9d07-a4a78910617a",
        "27ffc09b-589e-4bcc-b577-65521d773e86",
        "bc6b35f4-16b2-4edc-bcf3-d537206a32e5",
        "9ce72368-3160-4b3a-8bb6-58999e8482df",
        "7928bcc2-f9c0-4d9b-b696-caafe9626091",
        "50f7a1a3-30b0-4b2e-8c08-0a0f125866e0",
        "d6317ee0-ec45-4a19-8d91-dc3eb27d9a93",
        "233c7215-c176-49ff-8b6f-a2b781055e44",
        "b3eb6172-8c21-4b08-ba10-7e6d3831d221",
        "d9e591c9-b336-4174-99e0-94cdb0d10021",
        "b2694440-ba32-45f1-86d1-ee36ff6837bc",
        "35d14b18-11d0-49fc-a326-dbc33101abf8",
        "d03949f3-10a0-4643-be76-59bdffdc694d",
        "b6373211-b095-4f4c-aa39-76d0ec0304c2",
        "e278cbf4-9e6a-4db1-b632-da5d396dab4a",
        "107c46ee-f717-4cad-a67d-18b7ffc3d9c9"
      ]
    }
  }
},
{
  "model": "core.studentquizattempt",
  "pk": 547,
  "fields": {
    "student": [
      "student2"
    ],
    "quiz": 15,
    "started_at": "2025-07-11T16:03:31.786Z",
    "completed_at": null,
    "score": 0,
    "total": 0,
    "meta": {
      "selected_question_ids": [
        "d345b8b1-5560-4a99-9baf-589ae7af2b26",
        "35d14b18-11d0-49fc-a326-dbc33101abf8",
        "ccebd6b2-4fd9-4bd8-9d07-a4a78910617a",
        "7d88e3b1-04a3-4167-a72e-688c4cda04ef",
        "27ffc09b-589e-4bcc-b577-65521d773e86",
        "44726b4b-5166-4f28-a985-7db5bbb4057d",
        "e278cbf4-9e6a-4db1-b632-da5d396dab4a",
        "a777d7d6-1663-440f-b83d-4d12f1b01a47",
        "7928bcc2-f9c0-4d9b-b696-caafe9626091",
        "5777fdcc-93df-40ae-b019-e7099e22203b",
        "bc6b35f4-16b2-4edc-bcf3-d537206a32e5",
        "107c46ee-f717-4cad-a67d-18b7ffc3d9c9",
        "78ee10bf-6a6a-4c5b-a290-299aed6649e6",
        "b0336f5f-2399-46cf-a9db-f164551a3ae8",
        "b2694440-ba32-45f1-86d1-ee36ff6837bc",
        "50f7a1a3-30b0-4b2e-8c08-0a0f125866e0",
        "4fdc4e80-d406-48d2-b1b2-ac60a9269e32",
        "9ce72368-3160-4b3a-8bb6-58999e8482df",
        "b3eb6172-8c21-4b08-ba10-7e6d3831d221",
        "52979376-cd64-48df-903d-6885033cb026"
      ]
    }
  }
},
{
  "model": "core.studentquizattempt",
  "pk": 548,
  "fields": {
    "student": [
      "student2"
    ],
    "quiz": 15,
    "started_at": "2025-07-11T16:17:02.040Z",
    "completed_at": null,
    "score": 0,
    "total": 0,
    "meta": {
      "selected_question_ids": [
        "5777fdcc-93df-40ae-b019-e7099e22203b",
        "7928bcc2-f9c0-4d9b-b696-caafe9626091",
        "e278cbf4-9e6a-4db1-b632-da5d396dab4a",
        "107c46ee-f717-4cad-a67d-18b7ffc3d9c9",
        "44726b4b-5166-4f28-a985-7db5bbb4057d",
        "d03949f3-10a0-4643-be76-59bdffdc694d",
        "ccebd6b2-4fd9-4bd8-9d07-a4a78910617a",
        "d345b8b1-5560-4a99-9baf-589ae7af2b26",
        "bc6b35f4-16b2-4edc-bcf3-d537206a32e5",
        "a777d7d6-1663-440f-b83d-4d12f1b01a47",
        "b3eb6172-8c21-4b08-ba10-7e6d3831d221",
        "78ee10bf-6a6a-4c5b-a290-299aed6649e6",
        "7d88e3b1-04a3-4167-a72e-688c4cda04ef",
        "9ce72368-3160-4b3a-8bb6-58999e8482df",
        "50f7a1a3-30b0-4b2e-8c08-0a0f125866e0",
        "27ffc09b-589e-4bcc-b577-65521d773e86",
        "6caa1ee6-1644-45a1-9435-7a5ff7d52d4e",
        "d9e591c9-b336-4174-99e0-94cdb0d10021",
        "b2694440-ba32-45f1-86d1-ee36ff6837bc",
        "b0336f5f-2399-46cf-a9db-f164551a3ae8"
      ]
    }
  }
},
{
  "model": "core.studentquizattempt",
  "pk": 549,
  "fields": {
    "student": [
      "student2"
    ],
    "quiz": 15,
    "started_at": "2025-07-11T16:17:02.041Z",
    "completed_at": null,
    "score": 0,
    "total": 0,
    "meta": {
      "selected_question_ids": [
        "d6317ee0-ec45-4a19-8d91-dc3eb27d9a93",
        "7928bcc2-f9c0-4d9b-b696-caafe9626091",
        "50f7a1a3-30b0-4b2e-8c08-0a0f125866e0",
        "6caa1ee6-1644-45a1-9435-7a5ff7d52d4e",
        "bc6b35f4-16b2-4edc-bcf3-d537206a32e5",
        "b2694440-ba32-45f1-86d1-ee36ff6837bc",
        "b3eb6172-8c21-4b08-ba10-7e6d3831d221",
        "d03949f3-10a0-4643-be76-59bdffdc694d",
        "52979376-cd64-48df-903d-6885033cb026",
        "7d88e3b1-04a3-4167-a72e-688c4cda04ef",
        "107c46ee-f717-4cad-a67d-18b7ffc3d9c9",
        "ccebd6b2-4fd9-4bd8-9d07-a4a78910617a",
        "d345b8b1-5560-4a99-9baf-589ae7af2b26",
        "b6373211-b095-4f4c-aa39-76d0ec0304c2",
        "4fdc4e80-d406-48d2-b1b2-ac60a9269e32",
        "a777d7d6-1663-440f-b83d-4d12f1b01a47",
        "35d14b18-11d0-49fc-a326-dbc33101abf8",
        "78ee10bf-6a6a-4c5b-a290-299aed6649e6",
        "b0336f5f-2399-46cf-a9db-f164551a3ae8",
        "e278cbf4-9e6a-4db1-b632-da5d396dab4a"
      ]
    }
  }
},
{
  "model": "core.studentquizattempt",
  "pk": 550,
  "fields": {
    "student": [
      "student2"
    ],
    "quiz": 15,
    "started_at": "2025-07-11T16:33:35.943Z",
    "completed_at": null,
    "score": 0,
    "total": 0,
    "meta": {
      "selected_question_ids": [
        "ccebd6b2-4fd9-4bd8-9d07-a4a78910617a",
        "7928bcc2-f9c0-4d9b-b696-caafe9626091",
        "5777fdcc-93df-40ae-b019-e7099e22203b",
        "7d88e3b1-04a3-4167-a72e-688c4cda04ef",
        "d03949f3-10a0-4643-be76-59bdffdc694d",
        "52979376-cd64-48df-903d-6885033cb026",
        "e278cbf4-9e6a-4db1-b632-da5d396dab4a",
        "b0336f5f-2399-46cf-a9db-f164551a3ae8",
        "b6373211-b095-4f4c-aa39-76d0ec0304c2",
        "b2694440-ba32-45f1-86d1-ee36ff6837bc",
        "50f7a1a3-30b0-4b2e-8c08-0a0f125866e0",
        "233c7215-c176-49ff-8b6f-a2b781055e44",
        "107c46ee-f717-4cad-a67d-18b7ffc3d9c9",
        "a777d7d6-1663-440f-b83d-4d12f1b01a47",
        "6caa1ee6-1644-45a1-9435-7a5ff7d52d4e",
        "9ce72368-3160-4b3a-8bb6-58999e8482df",
        "35d14b18-11d0-49fc-a326-dbc33101abf8",
        "78ee10bf-6a6a-4c5b-a290-299aed6649e6",
        "44726b4b-5166-4f28-a985-7db5bbb4057d",
        "d345b8b1-5560-4a99-9baf-589ae7af2b26"
      ]
    }
  }
},
{
  "model": "core.studentquizattempt",
  "pk": 551,
  "fields": {
    "student": [
      "student2"
    ],
    "quiz": 15,
    "started_at": "2025-07-11T16:33:35.944Z",
    "completed_at": null,
    "score": 0,
    "total": 0,
    "meta": {
      "selected_question_ids": [
        "4fdc4e80-d406-48d2-b1b2-ac60a9269e32",
        "d03949f3-10a0-4643-be76-59bdffdc694d",
        "107c46ee-f717-4cad-a67d-18b7ffc3d9c9",
        "ccebd6b2-4fd9-4bd8-9d07-a4a78910617a",
        "bc6b35f4-16b2-4edc-bcf3-d537206a32e5",
        "b0336f5f-2399-46cf-a9db-f164551a3ae8",
        "b3eb6172-8c21-4b08-ba10-7e6d3831d221",
        "b2694440-ba32-45f1-86d1-ee36ff6837bc",
        "d9e591c9-b336-4174-99e0-94cdb0d10021",
        "6caa1ee6-1644-45a1-9435-7a5ff7d52d4e",
        "a777d7d6-1663-440f-b83d-4d12f1b01a47",
        "233c7215-c176-49ff-8b6f-a2b781055e44",
        "44726b4b-5166-4f28-a985-7db5bbb4057d",
        "d345b8b1-5560-4a99-9baf-589ae7af2b26",
        "9ce72368-3160-4b3a-8bb6-58999e8482df",
        "7928bcc2-f9c0-4d9b-b696-caafe9626091",
        "e278cbf4-9e6a-4db1-b632-da5d396dab4a",
        "52979376-cd64-48df-903d-6885033cb026",
        "35d14b18-11d0-49fc-a326-dbc33101abf8",
        "7d88e3b1-04a3-4167-a72e-688c4cda04ef"
      ]
    }
  }
},
{
  "model": "core.studentquizattempt",
  "pk": 552,
  "fields": {
    "student": [
      "student2"
    ],
    "quiz": 15,
    "started_at": "2025-07-11T16:34:54.273Z",
    "completed_at": null,
    "score": 0,
    "total": 0,
    "meta": {
      "selected_question_ids": [
        "6caa1ee6-1644-45a1-9435-7a5ff7d52d4e",
        "5777fdcc-93df-40ae-b019-e7099e22203b",
        "b3eb6172-8c21-4b08-ba10-7e6d3831d221",
        "78ee10bf-6a6a-4c5b-a290-299aed6649e6",
        "b2694440-ba32-45f1-86d1-ee36ff6837bc",
        "107c46ee-f717-4cad-a67d-18b7ffc3d9c9",
        "27ffc09b-589e-4bcc-b577-65521d773e86",
        "d345b8b1-5560-4a99-9baf-589ae7af2b26",
        "44726b4b-5166-4f28-a985-7db5bbb4057d",
        "233c7215-c176-49ff-8b6f-a2b781055e44",
        "4fdc4e80-d406-48d2-b1b2-ac60a9269e32",
        "e278cbf4-9e6a-4db1-b632-da5d396dab4a",
        "d6317ee0-ec45-4a19-8d91-dc3eb27d9a93",
        "9ce72368-3160-4b3a-8bb6-58999e8482df",
        "52979376-cd64-48df-903d-6885033cb026",
        "7d88e3b1-04a3-4167-a72e-688c4cda04ef",
        "35d14b18-11d0-49fc-a326-dbc33101abf8",
        "b6373211-b095-4f4c-aa39-76d0ec0304c2",
        "d03949f3-10a0-4643-be76-59bdffdc694d",
        "a777d7d6-1663-440f-b83d-4d12f1b01a47"
      ]
    }
  }
},
{
  "model": "core.studentquizattempt",
  "pk": 553,
  "fields": {
    "student": [
      "student2"
    ],
    "quiz": 15,
    "started_at": "2025-07-11T16:34:54.274Z",
    "completed_at": null,
    "score": 0,
    "total": 0,
    "meta": {
      "selected_question_ids": [
        "d6317ee0-ec45-4a19-8d91-dc3eb27d9a93",
        "35d14b18-11d0-49fc-a326-dbc33101abf8",
        "9ce72368-3160-4b3a-8bb6-58999e8482df",
        "e278cbf4-9e6a-4db1-b632-da5d396dab4a",
        "b3eb6172-8c21-4b08-ba10-7e6d3831d221",
        "4fdc4e80-d406-48d2-b1b2-ac60a9269e32",
        "27ffc09b-589e-4bcc-b577-65521d773e86",
        "44726b4b-5166-4f28-a985-7db5bbb4057d",
        "52979376-cd64-48df-903d-6885033cb026",
        "b6373211-b095-4f4c-aa39-76d0ec0304c2",
        "7928bcc2-f9c0-4d9b-b696-caafe9626091",
        "78ee10bf-6a6a-4c5b-a290-299aed6649e6",
        "b0336f5f-2399-46cf-a9db-f164551a3ae8",
        "d03949f3-10a0-4643-be76-59bdffdc694d",
        "b2694440-ba32-45f1-86d1-ee36ff6837bc",
        "ccebd6b2-4fd9-4bd8-9d07-a4a78910617a",
        "50f7a1a3-30b0-4b2e-8c08-0a0f125866e0",
        "5777fdcc-93df-40ae-b019-e7099e22203b",
        "7d88e3b1-04a3-4167-a72e-688c4cda04ef",
        "a777d7d6-1663-440f-b83d-4d12f1b01a47"
      ]
    }
  }
},
{
  "model": "core.studentquizattempt",
  "pk": 554,
  "fields": {
    "student": [
      "student2"
    ],
    "quiz": 15,
    "started_at": "2025-07-11T16:35:48.558Z",
    "completed_at": null,
    "score": 0,
    "total": 0,
    "meta": {
      "selected_question_ids": [
        "bc6b35f4-16b2-4edc-bcf3-d537206a32e5",
        "d6317ee0-ec45-4a19-8d91-dc3eb27d9a93",
        "b0336f5f-2399-46cf-a9db-f164551a3ae8",
        "6caa1ee6-1644-45a1-9435-7a5ff7d52d4e",
        "4fdc4e80-d406-48d2-b1b2-ac60a9269e32",
        "ccebd6b2-4fd9-4bd8-9d07-a4a78910617a",
        "b6373211-b095-4f4c-aa39-76d0ec0304c2",
        "e278cbf4-9e6a-4db1-b632-da5d396dab4a",
        "5777fdcc-93df-40ae-b019-e7099e22203b",
        "b2694440-ba32-45f1-86d1-ee36ff6837bc",
        "d03949f3-10a0-4643-be76-59bdffdc694d",
        "107c46ee-f717-4cad-a67d-18b7ffc3d9c9",
        "52979376-cd64-48df-903d-6885033cb026",
        "d9e591c9-b336-4174-99e0-94cdb0d10021",
        "7928bcc2-f9c0-4d9b-b696-caafe9626091",
        "44726b4b-5166-4f28-a985-7db5bbb4057d",
        "d345b8b1-5560-4a99-9baf-589ae7af2b26",
        "50f7a1a3-30b0-4b2e-8c08-0a0f125866e0",
        "27ffc09b-589e-4bcc-b577-65521d773e86",
        "35d14b18-11d0-49fc-a326-dbc33101abf8"
      ]
    }
  }
},
{
  "model": "core.studentquizattempt",
  "pk": 555,
  "fields": {
    "student": [
      "student2"
    ],
    "quiz": 15,
    "started_at": "2025-07-11T16:35:48.559Z",
    "completed_at": null,
    "score": 0,
    "total": 0,
    "meta": {
      "selected_question_ids": [
        "e278cbf4-9e6a-4db1-b632-da5d396dab4a",
        "9ce72368-3160-4b3a-8bb6-58999e8482df",
        "27ffc09b-589e-4bcc-b577-65521d773e86",
        "6caa1ee6-1644-45a1-9435-7a5ff7d52d4e",
        "52979376-cd64-48df-903d-6885033cb026",
        "233c7215-c176-49ff-8b6f-a2b781055e44",
        "b0336f5f-2399-46cf-a9db-f164551a3ae8",
        "b3eb6172-8c21-4b08-ba10-7e6d3831d221",
        "b2694440-ba32-45f1-86d1-ee36ff6837bc",
        "4fdc4e80-d406-48d2-b1b2-ac60a9269e32",
        "107c46ee-f717-4cad-a67d-18b7ffc3d9c9",
        "7928bcc2-f9c0-4d9b-b696-caafe9626091",
        "b6373211-b095-4f4c-aa39-76d0ec0304c2",
        "50f7a1a3-30b0-4b2e-8c08-0a0f125866e0",
        "7d88e3b1-04a3-4167-a72e-688c4cda04ef",
        "44726b4b-5166-4f28-a985-7db5bbb4057d",
        "ccebd6b2-4fd9-4bd8-9d07-a4a78910617a",
        "bc6b35f4-16b2-4edc-bcf3-d537206a32e5",
        "78ee10bf-6a6a-4c5b-a290-299aed6649e6",
        "d03949f3-10a0-4643-be76-59bdffdc694d"
      ]
    }
  }
},
{
  "model": "core.studentquizattempt",
  "pk": 556,
  "fields": {
    "student": [
      "student2"
    ],
    "quiz": 15,
    "started_at": "2025-07-11T16:36:06.467Z",
    "completed_at": null,
    "score": 0,
    "total": 0,
    "meta": {
      "selected_question_ids": [
        "233c7215-c176-49ff-8b6f-a2b781055e44",
        "78ee10bf-6a6a-4c5b-a290-299aed6649e6",
        "d6317ee0-ec45-4a19-8d91-dc3eb27d9a93",
        "27ffc09b-589e-4bcc-b577-65521d773e86",
        "ccebd6b2-4fd9-4bd8-9d07-a4a78910617a",
        "44726b4b-5166-4f28-a985-7db5bbb4057d",
        "e278cbf4-9e6a-4db1-b632-da5d396dab4a",
        "d9e591c9-b336-4174-99e0-94cdb0d10021",
        "5777fdcc-93df-40ae-b019-e7099e22203b",
        "b6373211-b095-4f4c-aa39-76d0ec0304c2",
        "50f7a1a3-30b0-4b2e-8c08-0a0f125866e0",
        "b2694440-ba32-45f1-86d1-ee36ff6837bc",
        "a777d7d6-1663-440f-b83d-4d12f1b01a47",
        "d345b8b1-5560-4a99-9baf-589ae7af2b26",
        "b3eb6172-8c21-4b08-ba10-7e6d3831d221",
        "bc6b35f4-16b2-4edc-bcf3-d537206a32e5",
        "107c46ee-f717-4cad-a67d-18b7ffc3d9c9",
        "4fdc4e80-d406-48d2-b1b2-ac60a9269e32",
        "d03949f3-10a0-4643-be76-59bdffdc694d",
        "35d14b18-11d0-49fc-a326-dbc33101abf8"
      ]
    }
  }
},
{
  "model": "core.studentquizattempt",
  "pk": 557,
  "fields": {
    "student": [
      "student2"
    ],
    "quiz": 15,
    "started_at": "2025-07-11T16:36:06.467Z",
    "completed_at": null,
    "score": 0,
    "total": 0,
    "meta": {
      "selected_question_ids": [
        "9ce72368-3160-4b3a-8bb6-58999e8482df",
        "7d88e3b1-04a3-4167-a72e-688c4cda04ef",
        "e278cbf4-9e6a-4db1-b632-da5d396dab4a",
        "233c7215-c176-49ff-8b6f-a2b781055e44",
        "27ffc09b-589e-4bcc-b577-65521d773e86",
        "bc6b35f4-16b2-4edc-bcf3-d537206a32e5",
        "d03949f3-10a0-4643-be76-59bdffdc694d",
        "d6317ee0-ec45-4a19-8d91-dc3eb27d9a93",
        "b2694440-ba32-45f1-86d1-ee36ff6837bc",
        "b6373211-b095-4f4c-aa39-76d0ec0304c2",
        "a777d7d6-1663-440f-b83d-4d12f1b01a47",
        "5777fdcc-93df-40ae-b019-e7099e22203b",
        "ccebd6b2-4fd9-4bd8-9d07-a4a78910617a",
        "52979376-cd64-48df-903d-6885033cb026",
        "d345b8b1-5560-4a99-9baf-589ae7af2b26",
        "b3eb6172-8c21-4b08-ba10-7e6d3831d221",
        "4fdc4e80-d406-48d2-b1b2-ac60a9269e32",
        "50f7a1a3-30b0-4b2e-8c08-0a0f125866e0",
        "d9e591c9-b336-4174-99e0-94cdb0d10021",
        "6caa1ee6-1644-45a1-9435-7a5ff7d52d4e"
      ]
    }
  }
},
{
  "model": "core.studentquizattempt",
  "pk": 558,
  "fields": {
    "student": [
      "student2"
    ],
    "quiz": 15,
    "started_at": "2025-07-11T16:36:29.335Z",
    "completed_at": null,
    "score": 0,
    "total": 0,
    "meta": {
      "selected_question_ids": [
        "52979376-cd64-48df-903d-6885033cb026",
        "27ffc09b-589e-4bcc-b577-65521d773e86",
        "7d88e3b1-04a3-4167-a72e-688c4cda04ef",
        "d345b8b1-5560-4a99-9baf-589ae7af2b26",
        "6caa1ee6-1644-45a1-9435-7a5ff7d52d4e",
        "d6317ee0-ec45-4a19-8d91-dc3eb27d9a93",
        "7928bcc2-f9c0-4d9b-b696-caafe9626091",
        "78ee10bf-6a6a-4c5b-a290-299aed6649e6",
        "b0336f5f-2399-46cf-a9db-f164551a3ae8",
        "35d14b18-11d0-49fc-a326-dbc33101abf8",
        "4fdc4e80-d406-48d2-b1b2-ac60a9269e32",
        "b2694440-ba32-45f1-86d1-ee36ff6837bc",
        "b6373211-b095-4f4c-aa39-76d0ec0304c2",
        "44726b4b-5166-4f28-a985-7db5bbb4057d",
        "e278cbf4-9e6a-4db1-b632-da5d396dab4a",
        "bc6b35f4-16b2-4edc-bcf3-d537206a32e5",
        "d9e591c9-b336-4174-99e0-94cdb0d10021",
        "9ce72368-3160-4b3a-8bb6-58999e8482df",
        "5777fdcc-93df-40ae-b019-e7099e22203b",
        "233c7215-c176-49ff-8b6f-a2b781055e44"
      ]
    }
  }
},
{
  "model": "core.studentquizattempt",
  "pk": 559,
  "fields": {
    "student": [
      "student2"
    ],
    "quiz": 15,
    "started_at": "2025-07-11T16:36:29.336Z",
    "completed_at": "2025-07-11T16:37:37.855Z",
    "score": 25,
    "total": 0,
    "meta": {
      "selected_question_ids": [
        "78ee10bf-6a6a-4c5b-a290-299aed6649e6",
        "d6317ee0-ec45-4a19-8d91-dc3eb27d9a93",
        "233c7215-c176-49ff-8b6f-a2b781055e44",
        "27ffc09b-589e-4bcc-b577-65521d773e86",
        "44726b4b-5166-4f28-a985-7db5bbb4057d",
        "bc6b35f4-16b2-4edc-bcf3-d537206a32e5",
        "107c46ee-f717-4cad-a67d-18b7ffc3d9c9",
        "7928bcc2-f9c0-4d9b-b696-caafe9626091",
        "b0336f5f-2399-46cf-a9db-f164551a3ae8",
        "b6373211-b095-4f4c-aa39-76d0ec0304c2",
        "b3eb6172-8c21-4b08-ba10-7e6d3831d221",
        "35d14b18-11d0-49fc-a326-dbc33101abf8",
        "d345b8b1-5560-4a99-9baf-589ae7af2b26",
        "50f7a1a3-30b0-4b2e-8c08-0a0f125866e0",
        "e278cbf4-9e6a-4db1-b632-da5d396dab4a",
        "ccebd6b2-4fd9-4bd8-9d07-a4a78910617a",
        "a777d7d6-1663-440f-b83d-4d12f1b01a47",
        "d9e591c9-b336-4174-99e0-94cdb0d10021",
        "9ce72368-3160-4b3a-8bb6-58999e8482df",
        "7d88e3b1-04a3-4167-a72e-688c4cda04ef"
      ]
    }
  }
},
{
  "model": "core.studentquizattempt",
  "pk": 560,
  "fields": {
    "student": [
      "student2"
    ],
    "quiz": 15,
    "started_at": "2025-07-11T16:44:52.555Z",
    "completed_at": null,
    "score": 0,
    "total": 0,
    "meta": {
      "selected_question_ids": [
        "a777d7d6-1663-440f-b83d-4d12f1b01a47",
        "44726b4b-5166-4f28-a985-7db5bbb4057d",
        "7d88e3b1-04a3-4167-a72e-688c4cda04ef",
        "50f7a1a3-30b0-4b2e-8c08-0a0f125866e0",
        "b3eb6172-8c21-4b08-ba10-7e6d3831d221",
        "b6373211-b095-4f4c-aa39-76d0ec0304c2",
        "d6317ee0-ec45-4a19-8d91-dc3eb27d9a93",
        "6caa1ee6-1644-45a1-9435-7a5ff7d52d4e",
        "bc6b35f4-16b2-4edc-bcf3-d537206a32e5",
        "b0336f5f-2399-46cf-a9db-f164551a3ae8",
        "52979376-cd64-48df-903d-6885033cb026",
        "d03949f3-10a0-4643-be76-59bdffdc694d",
        "35d14b18-11d0-49fc-a326-dbc33101abf8",
        "4fdc4e80-d406-48d2-b1b2-ac60a9269e32",
        "d9e591c9-b336-4174-99e0-94cdb0d10021",
        "b2694440-ba32-45f1-86d1-ee36ff6837bc",
        "78ee10bf-6a6a-4c5b-a290-299aed6649e6",
        "233c7215-c176-49ff-8b6f-a2b781055e44",
        "ccebd6b2-4fd9-4bd8-9d07-a4a78910617a",
        "27ffc09b-589e-4bcc-b577-65521d773e86"
      ]
    }
  }
},
{
  "model": "core.studentquizattempt",
  "pk": 561,
  "fields": {
    "student": [
      "student2"
    ],
    "quiz": 15,
    "started_at": "2025-07-11T16:44:52.556Z",
    "completed_at": null,
    "score": 0,
    "total": 0,
    "meta": {
      "selected_question_ids": [
        "5777fdcc-93df-40ae-b019-e7099e22203b",
        "b3eb6172-8c21-4b08-ba10-7e6d3831d221",
        "b0336f5f-2399-46cf-a9db-f164551a3ae8",
        "ccebd6b2-4fd9-4bd8-9d07-a4a78910617a",
        "9ce72368-3160-4b3a-8bb6-58999e8482df",
        "35d14b18-11d0-49fc-a326-dbc33101abf8",
        "b2694440-ba32-45f1-86d1-ee36ff6837bc",
        "bc6b35f4-16b2-4edc-bcf3-d537206a32e5",
        "d6317ee0-ec45-4a19-8d91-dc3eb27d9a93",
        "4fdc4e80-d406-48d2-b1b2-ac60a9269e32",
        "e278cbf4-9e6a-4db1-b632-da5d396dab4a",
        "d345b8b1-5560-4a99-9baf-589ae7af2b26",
        "7d88e3b1-04a3-4167-a72e-688c4cda04ef",
        "d03949f3-10a0-4643-be76-59bdffdc694d",
        "233c7215-c176-49ff-8b6f-a2b781055e44",
        "d9e591c9-b336-4174-99e0-94cdb0d10021",
        "44726b4b-5166-4f28-a985-7db5bbb4057d",
        "b6373211-b095-4f4c-aa39-76d0ec0304c2",
        "6caa1ee6-1644-45a1-9435-7a5ff7d52d4e",
        "107c46ee-f717-4cad-a67d-18b7ffc3d9c9"
      ]
    }
  }
},
{
  "model": "core.studentquizattempt",
  "pk": 562,
  "fields": {
    "student": [
      "student2"
    ],
    "quiz": 15,
    "started_at": "2025-07-11T16:45:36.183Z",
    "completed_at": null,
    "score": 0,
    "total": 0,
    "meta": {
      "selected_question_ids": [
        "7928bcc2-f9c0-4d9b-b696-caafe9626091",
        "d9e591c9-b336-4174-99e0-94cdb0d10021",
        "a777d7d6-1663-440f-b83d-4d12f1b01a47",
        "5777fdcc-93df-40ae-b019-e7099e22203b",
        "233c7215-c176-49ff-8b6f-a2b781055e44",
        "b6373211-b095-4f4c-aa39-76d0ec0304c2",
        "50f7a1a3-30b0-4b2e-8c08-0a0f125866e0",
        "4fdc4e80-d406-48d2-b1b2-ac60a9269e32",
        "44726b4b-5166-4f28-a985-7db5bbb4057d",
        "d03949f3-10a0-4643-be76-59bdffdc694d",
        "bc6b35f4-16b2-4edc-bcf3-d537206a32e5",
        "78ee10bf-6a6a-4c5b-a290-299aed6649e6",
        "b3eb6172-8c21-4b08-ba10-7e6d3831d221",
        "e278cbf4-9e6a-4db1-b632-da5d396dab4a",
        "d6317ee0-ec45-4a19-8d91-dc3eb27d9a93",
        "b0336f5f-2399-46cf-a9db-f164551a3ae8",
        "ccebd6b2-4fd9-4bd8-9d07-a4a78910617a",
        "9ce72368-3160-4b3a-8bb6-58999e8482df",
        "35d14b18-11d0-49fc-a326-dbc33101abf8",
        "b2694440-ba32-45f1-86d1-ee36ff6837bc"
      ]
    }
  }
},
{
  "model": "core.studentquizattempt",
  "pk": 563,
  "fields": {
    "student": [
      "student2"
    ],
    "quiz": 15,
    "started_at": "2025-07-11T16:45:36.183Z",
    "completed_at": null,
    "score": 0,
    "total": 0,
    "meta": {
      "selected_question_ids": [
        "7d88e3b1-04a3-4167-a72e-688c4cda04ef",
        "78ee10bf-6a6a-4c5b-a290-299aed6649e6",
        "4fdc4e80-d406-48d2-b1b2-ac60a9269e32",
        "b2694440-ba32-45f1-86d1-ee36ff6837bc",
        "7928bcc2-f9c0-4d9b-b696-caafe9626091",
        "35d14b18-11d0-49fc-a326-dbc33101abf8",
        "27ffc09b-589e-4bcc-b577-65521d773e86",
        "b0336f5f-2399-46cf-a9db-f164551a3ae8",
        "bc6b35f4-16b2-4edc-bcf3-d537206a32e5",
        "9ce72368-3160-4b3a-8bb6-58999e8482df",
        "e278cbf4-9e6a-4db1-b632-da5d396dab4a",
        "44726b4b-5166-4f28-a985-7db5bbb4057d",
        "b3eb6172-8c21-4b08-ba10-7e6d3831d221",
        "6caa1ee6-1644-45a1-9435-7a5ff7d52d4e",
        "52979376-cd64-48df-903d-6885033cb026",
        "107c46ee-f717-4cad-a67d-18b7ffc3d9c9",
        "233c7215-c176-49ff-8b6f-a2b781055e44",
        "d9e591c9-b336-4174-99e0-94cdb0d10021",
        "ccebd6b2-4fd9-4bd8-9d07-a4a78910617a",
        "d03949f3-10a0-4643-be76-59bdffdc694d"
      ]
    }
  }
},
{
  "model": "core.studentquizattempt",
  "pk": 564,
  "fields": {
    "student": [
      "student2"
    ],
    "quiz": 15,
    "started_at": "2025-07-11T16:49:51.551Z",
    "completed_at": null,
    "score": 0,
    "total": 0,
    "meta": {
      "selected_question_ids": [
        "52979376-cd64-48df-903d-6885033cb026",
        "7d88e3b1-04a3-4167-a72e-688c4cda04ef",
        "e278cbf4-9e6a-4db1-b632-da5d396dab4a",
        "ccebd6b2-4fd9-4bd8-9d07-a4a78910617a",
        "107c46ee-f717-4cad-a67d-18b7ffc3d9c9",
        "7928bcc2-f9c0-4d9b-b696-caafe9626091",
        "d6317ee0-ec45-4a19-8d91-dc3eb27d9a93",
        "b3eb6172-8c21-4b08-ba10-7e6d3831d221",
        "44726b4b-5166-4f28-a985-7db5bbb4057d",
        "d9e591c9-b336-4174-99e0-94cdb0d10021",
        "b6373211-b095-4f4c-aa39-76d0ec0304c2",
        "d345b8b1-5560-4a99-9baf-589ae7af2b26",
        "9ce72368-3160-4b3a-8bb6-58999e8482df",
        "4fdc4e80-d406-48d2-b1b2-ac60a9269e32",
        "b0336f5f-2399-46cf-a9db-f164551a3ae8",
        "a777d7d6-1663-440f-b83d-4d12f1b01a47",
        "78ee10bf-6a6a-4c5b-a290-299aed6649e6",
        "bc6b35f4-16b2-4edc-bcf3-d537206a32e5",
        "5777fdcc-93df-40ae-b019-e7099e22203b",
        "27ffc09b-589e-4bcc-b577-65521d773e86"
      ]
    }
  }
},
{
  "model": "core.studentquizattempt",
  "pk": 565,
  "fields": {
    "student": [
      "student2"
    ],
    "quiz": 15,
    "started_at": "2025-07-11T16:49:51.551Z",
    "completed_at": null,
    "score": 0,
    "total": 0,
    "meta": {
      "selected_question_ids": [
        "7d88e3b1-04a3-4167-a72e-688c4cda04ef",
        "52979376-cd64-48df-903d-6885033cb026",
        "5777fdcc-93df-40ae-b019-e7099e22203b",
        "50f7a1a3-30b0-4b2e-8c08-0a0f125866e0",
        "b0336f5f-2399-46cf-a9db-f164551a3ae8",
        "6caa1ee6-1644-45a1-9435-7a5ff7d52d4e",
        "a777d7d6-1663-440f-b83d-4d12f1b01a47",
        "35d14b18-11d0-49fc-a326-dbc33101abf8",
        "b2694440-ba32-45f1-86d1-ee36ff6837bc",
        "7928bcc2-f9c0-4d9b-b696-caafe9626091",
        "b6373211-b095-4f4c-aa39-76d0ec0304c2",
        "bc6b35f4-16b2-4edc-bcf3-d537206a32e5",
        "d345b8b1-5560-4a99-9baf-589ae7af2b26",
        "9ce72368-3160-4b3a-8bb6-58999e8482df",
        "78ee10bf-6a6a-4c5b-a290-299aed6649e6",
        "b3eb6172-8c21-4b08-ba10-7e6d3831d221",
        "ccebd6b2-4fd9-4bd8-9d07-a4a78910617a",
        "4fdc4e80-d406-48d2-b1b2-ac60a9269e32",
        "d6317ee0-ec45-4a19-8d91-dc3eb27d9a93",
        "27ffc09b-589e-4bcc-b577-65521d773e86"
      ]
    }
  }
},
{
  "model": "core.studentquizattempt",
  "pk": 566,
  "fields": {
    "student": [
      "student2"
    ],
    "quiz": 15,
    "started_at": "2025-07-11T16:50:43.661Z",
    "completed_at": null,
    "score": 0,
    "total": 0,
    "meta": {
      "selected_question_ids": [
        "6caa1ee6-1644-45a1-9435-7a5ff7d52d4e",
        "35d14b18-11d0-49fc-a326-dbc33101abf8",
        "9ce72368-3160-4b3a-8bb6-58999e8482df",
        "d345b8b1-5560-4a99-9baf-589ae7af2b26",
        "27ffc09b-589e-4bcc-b577-65521d773e86",
        "bc6b35f4-16b2-4edc-bcf3-d537206a32e5",
        "d03949f3-10a0-4643-be76-59bdffdc694d",
        "44726b4b-5166-4f28-a985-7db5bbb4057d",
        "a777d7d6-1663-440f-b83d-4d12f1b01a47",
        "d9e591c9-b336-4174-99e0-94cdb0d10021",
        "7928bcc2-f9c0-4d9b-b696-caafe9626091",
        "233c7215-c176-49ff-8b6f-a2b781055e44",
        "4fdc4e80-d406-48d2-b1b2-ac60a9269e32",
        "e278cbf4-9e6a-4db1-b632-da5d396dab4a",
        "ccebd6b2-4fd9-4bd8-9d07-a4a78910617a",
        "107c46ee-f717-4cad-a67d-18b7ffc3d9c9",
        "5777fdcc-93df-40ae-b019-e7099e22203b",
        "b0336f5f-2399-46cf-a9db-f164551a3ae8",
        "7d88e3b1-04a3-4167-a72e-688c4cda04ef",
        "b2694440-ba32-45f1-86d1-ee36ff6837bc"
      ]
    }
  }
},
{
  "model": "core.studentquizattempt",
  "pk": 567,
  "fields": {
    "student": [
      "student2"
    ],
    "quiz": 15,
    "started_at": "2025-07-11T16:50:43.662Z",
    "completed_at": null,
    "score": 0,
    "total": 0,
    "meta": {
      "selected_question_ids": [
        "d345b8b1-5560-4a99-9baf-589ae7af2b26",
        "78ee10bf-6a6a-4c5b-a290-299aed6649e6",
        "b2694440-ba32-45f1-86d1-ee36ff6837bc",
        "b3eb6172-8c21-4b08-ba10-7e6d3831d221",
        "ccebd6b2-4fd9-4bd8-9d07-a4a78910617a",
        "bc6b35f4-16b2-4edc-bcf3-d537206a32e5",
        "50f7a1a3-30b0-4b2e-8c08-0a0f125866e0",
        "d9e591c9-b336-4174-99e0-94cdb0d10021",
        "9ce72368-3160-4b3a-8bb6-58999e8482df",
        "44726b4b-5166-4f28-a985-7db5bbb4057d",
        "107c46ee-f717-4cad-a67d-18b7ffc3d9c9",
        "e278cbf4-9e6a-4db1-b632-da5d396dab4a",
        "27ffc09b-589e-4bcc-b577-65521d773e86",
        "4fdc4e80-d406-48d2-b1b2-ac60a9269e32",
        "5777fdcc-93df-40ae-b019-e7099e22203b",
        "a777d7d6-1663-440f-b83d-4d12f1b01a47",
        "d03949f3-10a0-4643-be76-59bdffdc694d",
        "233c7215-c176-49ff-8b6f-a2b781055e44",
        "7d88e3b1-04a3-4167-a72e-688c4cda04ef",
        "52979376-cd64-48df-903d-6885033cb026"
      ]
    }
  }
},
{
  "model": "core.studentquizattempt",
  "pk": 568,
  "fields": {
    "student": [
      "student2"
    ],
    "quiz": 15,
    "started_at": "2025-07-11T17:26:45.094Z",
    "completed_at": null,
    "score": 0,
    "total": 0,
    "meta": {
      "selected_question_ids": [
        "78ee10bf-6a6a-4c5b-a290-299aed6649e6",
        "44726b4b-5166-4f28-a985-7db5bbb4057d",
        "7928bcc2-f9c0-4d9b-b696-caafe9626091",
        "e278cbf4-9e6a-4db1-b632-da5d396dab4a",
        "6caa1ee6-1644-45a1-9435-7a5ff7d52d4e",
        "27ffc09b-589e-4bcc-b577-65521d773e86",
        "d03949f3-10a0-4643-be76-59bdffdc694d",
        "b6373211-b095-4f4c-aa39-76d0ec0304c2",
        "d6317ee0-ec45-4a19-8d91-dc3eb27d9a93",
        "9ce72368-3160-4b3a-8bb6-58999e8482df",
        "35d14b18-11d0-49fc-a326-dbc33101abf8",
        "b3eb6172-8c21-4b08-ba10-7e6d3831d221",
        "5777fdcc-93df-40ae-b019-e7099e22203b",
        "b2694440-ba32-45f1-86d1-ee36ff6837bc",
        "52979376-cd64-48df-903d-6885033cb026",
        "4fdc4e80-d406-48d2-b1b2-ac60a9269e32",
        "50f7a1a3-30b0-4b2e-8c08-0a0f125866e0",
        "7d88e3b1-04a3-4167-a72e-688c4cda04ef",
        "d345b8b1-5560-4a99-9baf-589ae7af2b26",
        "ccebd6b2-4fd9-4bd8-9d07-a4a78910617a"
      ]
    }
  }
},
{
  "model": "core.studentquizattempt",
  "pk": 569,
  "fields": {
    "student": [
      "student2"
    ],
    "quiz": 15,
    "started_at": "2025-07-11T17:26:45.095Z",
    "completed_at": null,
    "score": 0,
    "total": 0,
    "meta": {
      "selected_question_ids": [
        "78ee10bf-6a6a-4c5b-a290-299aed6649e6",
        "50f7a1a3-30b0-4b2e-8c08-0a0f125866e0",
        "d345b8b1-5560-4a99-9baf-589ae7af2b26",
        "b6373211-b095-4f4c-aa39-76d0ec0304c2",
        "b0336f5f-2399-46cf-a9db-f164551a3ae8",
        "4fdc4e80-d406-48d2-b1b2-ac60a9269e32",
        "233c7215-c176-49ff-8b6f-a2b781055e44",
        "107c46ee-f717-4cad-a67d-18b7ffc3d9c9",
        "b3eb6172-8c21-4b08-ba10-7e6d3831d221",
        "27ffc09b-589e-4bcc-b577-65521d773e86",
        "d9e591c9-b336-4174-99e0-94cdb0d10021",
        "52979376-cd64-48df-903d-6885033cb026",
        "d6317ee0-ec45-4a19-8d91-dc3eb27d9a93",
        "b2694440-ba32-45f1-86d1-ee36ff6837bc",
        "6caa1ee6-1644-45a1-9435-7a5ff7d52d4e",
        "d03949f3-10a0-4643-be76-59bdffdc694d",
        "e278cbf4-9e6a-4db1-b632-da5d396dab4a",
        "9ce72368-3160-4b3a-8bb6-58999e8482df",
        "ccebd6b2-4fd9-4bd8-9d07-a4a78910617a",
        "bc6b35f4-16b2-4edc-bcf3-d537206a32e5"
      ]
    }
  }
},
{
  "model": "core.studentquizattempt",
  "pk": 570,
  "fields": {
    "student": [
      "student2"
    ],
    "quiz": 15,
    "started_at": "2025-07-11T17:47:17.311Z",
    "completed_at": null,
    "score": 0,
    "total": 0,
    "meta": {
      "selected_question_ids": [
        "b3eb6172-8c21-4b08-ba10-7e6d3831d221",
        "e278cbf4-9e6a-4db1-b632-da5d396dab4a",
        "d9e591c9-b336-4174-99e0-94cdb0d10021",
        "50f7a1a3-30b0-4b2e-8c08-0a0f125866e0",
        "78ee10bf-6a6a-4c5b-a290-299aed6649e6",
        "d345b8b1-5560-4a99-9baf-589ae7af2b26",
        "6caa1ee6-1644-45a1-9435-7a5ff7d52d4e",
        "d03949f3-10a0-4643-be76-59bdffdc694d",
        "7928bcc2-f9c0-4d9b-b696-caafe9626091",
        "35d14b18-11d0-49fc-a326-dbc33101abf8",
        "ccebd6b2-4fd9-4bd8-9d07-a4a78910617a",
        "52979376-cd64-48df-903d-6885033cb026",
        "bc6b35f4-16b2-4edc-bcf3-d537206a32e5",
        "27ffc09b-589e-4bcc-b577-65521d773e86",
        "44726b4b-5166-4f28-a985-7db5bbb4057d",
        "d6317ee0-ec45-4a19-8d91-dc3eb27d9a93",
        "b6373211-b095-4f4c-aa39-76d0ec0304c2",
        "a777d7d6-1663-440f-b83d-4d12f1b01a47",
        "233c7215-c176-49ff-8b6f-a2b781055e44",
        "9ce72368-3160-4b3a-8bb6-58999e8482df"
      ]
    }
  }
},
{
  "model": "core.studentquizattempt",
  "pk": 571,
  "fields": {
    "student": [
      "student2"
    ],
    "quiz": 15,
    "started_at": "2025-07-11T17:47:21.059Z",
    "completed_at": "2025-07-11T17:48:14.773Z",
    "score": 35,
    "total": 0,
    "meta": {
      "selected_question_ids": [
        "7d88e3b1-04a3-4167-a72e-688c4cda04ef",
        "35d14b18-11d0-49fc-a326-dbc33101abf8",
        "233c7215-c176-49ff-8b6f-a2b781055e44",
        "5777fdcc-93df-40ae-b019-e7099e22203b",
        "a777d7d6-1663-440f-b83d-4d12f1b01a47",
        "b3eb6172-8c21-4b08-ba10-7e6d3831d221",
        "bc6b35f4-16b2-4edc-bcf3-d537206a32e5",
        "107c46ee-f717-4cad-a67d-18b7ffc3d9c9",
        "b2694440-ba32-45f1-86d1-ee36ff6837bc",
        "52979376-cd64-48df-903d-6885033cb026",
        "27ffc09b-589e-4bcc-b577-65521d773e86",
        "d345b8b1-5560-4a99-9baf-589ae7af2b26",
        "ccebd6b2-4fd9-4bd8-9d07-a4a78910617a",
        "b0336f5f-2399-46cf-a9db-f164551a3ae8",
        "4fdc4e80-d406-48d2-b1b2-ac60a9269e32",
        "b6373211-b095-4f4c-aa39-76d0ec0304c2",
        "7928bcc2-f9c0-4d9b-b696-caafe9626091",
        "d03949f3-10a0-4643-be76-59bdffdc694d",
        "d9e591c9-b336-4174-99e0-94cdb0d10021",
        "9ce72368-3160-4b3a-8bb6-58999e8482df"
      ]
    }
  }
},
{
  "model": "core.studentquizattempt",
  "pk": 572,
  "fields": {
    "student": [
      "student2"
    ],
    "quiz": 15,
    "started_at": "2025-07-11T17:47:21.060Z",
    "completed_at": null,
    "score": 0,
    "total": 0,
    "meta": {
      "selected_question_ids": [
        "b3eb6172-8c21-4b08-ba10-7e6d3831d221",
        "b6373211-b095-4f4c-aa39-76d0ec0304c2",
        "ccebd6b2-4fd9-4bd8-9d07-a4a78910617a",
        "107c46ee-f717-4cad-a67d-18b7ffc3d9c9",
        "d03949f3-10a0-4643-be76-59bdffdc694d",
        "d345b8b1-5560-4a99-9baf-589ae7af2b26",
        "233c7215-c176-49ff-8b6f-a2b781055e44",
        "44726b4b-5166-4f28-a985-7db5bbb4057d",
        "7d88e3b1-04a3-4167-a72e-688c4cda04ef",
        "b2694440-ba32-45f1-86d1-ee36ff6837bc",
        "35d14b18-11d0-49fc-a326-dbc33101abf8",
        "a777d7d6-1663-440f-b83d-4d12f1b01a47",
        "e278cbf4-9e6a-4db1-b632-da5d396dab4a",
        "5777fdcc-93df-40ae-b019-e7099e22203b",
        "b0336f5f-2399-46cf-a9db-f164551a3ae8",
        "9ce72368-3160-4b3a-8bb6-58999e8482df",
        "50f7a1a3-30b0-4b2e-8c08-0a0f125866e0",
        "4fdc4e80-d406-48d2-b1b2-ac60a9269e32",
        "78ee10bf-6a6a-4c5b-a290-299aed6649e6",
        "d9e591c9-b336-4174-99e0-94cdb0d10021"
      ]
    }
  }
},
{
  "model": "core.studentquizattempt",
  "pk": 573,
  "fields": {
    "student": [
      "student2"
    ],
    "quiz": 10,
    "started_at": "2025-07-11T17:56:16.372Z",
    "completed_at": null,
    "score": 0,
    "total": 0,
    "meta": {
      "selected_question_ids": [
        "7928bcc2-f9c0-4d9b-b696-caafe9626091",
        "d345b8b1-5560-4a99-9baf-589ae7af2b26",
        "27ffc09b-589e-4bcc-b577-65521d773e86",
        "44726b4b-5166-4f28-a985-7db5bbb4057d",
        "a777d7d6-1663-440f-b83d-4d12f1b01a47",
        "b2694440-ba32-45f1-86d1-ee36ff6837bc",
        "78ee10bf-6a6a-4c5b-a290-299aed6649e6",
        "d9e591c9-b336-4174-99e0-94cdb0d10021",
        "d6317ee0-ec45-4a19-8d91-dc3eb27d9a93",
        "d03949f3-10a0-4643-be76-59bdffdc694d"
      ]
    }
  }
},
{
  "model": "core.studentquizattempt",
  "pk": 574,
  "fields": {
    "student": [
      "student2"
    ],
    "quiz": 10,
    "started_at": "2025-07-11T17:56:16.373Z",
    "completed_at": null,
    "score": 0,
    "total": 0,
    "meta": {
      "selected_question_ids": [
        "7d88e3b1-04a3-4167-a72e-688c4cda04ef",
        "b6373211-b095-4f4c-aa39-76d0ec0304c2",
        "d03949f3-10a0-4643-be76-59bdffdc694d",
        "4fdc4e80-d406-48d2-b1b2-ac60a9269e32",
        "ccebd6b2-4fd9-4bd8-9d07-a4a78910617a",
        "d6317ee0-ec45-4a19-8d91-dc3eb27d9a93",
        "b2694440-ba32-45f1-86d1-ee36ff6837bc",
        "107c46ee-f717-4cad-a67d-18b7ffc3d9c9",
        "a777d7d6-1663-440f-b83d-4d12f1b01a47",
        "bc6b35f4-16b2-4edc-bcf3-d537206a32e5"
      ]
    }
  }
},
{
  "model": "core.studentquizattempt",
  "pk": 575,
  "fields": {
    "student": [
      "student2"
    ],
    "quiz": 13,
    "started_at": "2025-07-11T17:56:20.456Z",
    "completed_at": null,
    "score": 0,
    "total": 0,
    "meta": {
      "selected_question_ids": [
        "4fdc4e80-d406-48d2-b1b2-ac60a9269e32",
        "d9e591c9-b336-4174-99e0-94cdb0d10021",
        "d6317ee0-ec45-4a19-8d91-dc3eb27d9a93",
        "d345b8b1-5560-4a99-9baf-589ae7af2b26",
        "9ce72368-3160-4b3a-8bb6-58999e8482df",
        "b0336f5f-2399-46cf-a9db-f164551a3ae8",
        "107c46ee-f717-4cad-a67d-18b7ffc3d9c9",
        "a777d7d6-1663-440f-b83d-4d12f1b01a47",
        "ccebd6b2-4fd9-4bd8-9d07-a4a78910617a",
        "52979376-cd64-48df-903d-6885033cb026"
      ]
    }
  }
},
{
  "model": "core.studentquizattempt",
  "pk": 576,
  "fields": {
    "student": [
      "student2"
    ],
    "quiz": 13,
    "started_at": "2025-07-11T17:56:20.457Z",
    "completed_at": null,
    "score": 0,
    "total": 0,
    "meta": {
      "selected_question_ids": [
        "b2694440-ba32-45f1-86d1-ee36ff6837bc",
        "6caa1ee6-1644-45a1-9435-7a5ff7d52d4e",
        "9ce72368-3160-4b3a-8bb6-58999e8482df",
        "ccebd6b2-4fd9-4bd8-9d07-a4a78910617a",
        "35d14b18-11d0-49fc-a326-dbc33101abf8",
        "50f7a1a3-30b0-4b2e-8c08-0a0f125866e0",
        "27ffc09b-589e-4bcc-b577-65521d773e86",
        "52979376-cd64-48df-903d-6885033cb026",
        "e278cbf4-9e6a-4db1-b632-da5d396dab4a",
        "b0336f5f-2399-46cf-a9db-f164551a3ae8"
      ]
    }
  }
},
{
  "model": "core.studentquizattempt",
  "pk": 577,
  "fields": {
    "student": [
      "student2"
    ],
    "quiz": 15,
    "started_at": "2025-07-11T17:56:24.124Z",
    "completed_at": null,
    "score": 0,
    "total": 0,
    "meta": {
      "selected_question_ids": [
        "35d14b18-11d0-49fc-a326-dbc33101abf8",
        "b2694440-ba32-45f1-86d1-ee36ff6837bc",
        "d03949f3-10a0-4643-be76-59bdffdc694d",
        "4fdc4e80-d406-48d2-b1b2-ac60a9269e32",
        "233c7215-c176-49ff-8b6f-a2b781055e44",
        "e278cbf4-9e6a-4db1-b632-da5d396dab4a",
        "6caa1ee6-1644-45a1-9435-7a5ff7d52d4e",
        "bc6b35f4-16b2-4edc-bcf3-d537206a32e5",
        "52979376-cd64-48df-903d-6885033cb026",
        "b3eb6172-8c21-4b08-ba10-7e6d3831d221",
        "44726b4b-5166-4f28-a985-7db5bbb4057d",
        "9ce72368-3160-4b3a-8bb6-58999e8482df",
        "27ffc09b-589e-4bcc-b577-65521d773e86",
        "d9e591c9-b336-4174-99e0-94cdb0d10021",
        "7d88e3b1-04a3-4167-a72e-688c4cda04ef",
        "d345b8b1-5560-4a99-9baf-589ae7af2b26",
        "7928bcc2-f9c0-4d9b-b696-caafe9626091",
        "107c46ee-f717-4cad-a67d-18b7ffc3d9c9",
        "d6317ee0-ec45-4a19-8d91-dc3eb27d9a93",
        "78ee10bf-6a6a-4c5b-a290-299aed6649e6"
      ]
    }
  }
},
{
  "model": "core.studentquizattempt",
  "pk": 578,
  "fields": {
    "student": [
      "student2"
    ],
    "quiz": 15,
    "started_at": "2025-07-11T17:56:24.125Z",
    "completed_at": null,
    "score": 0,
    "total": 0,
    "meta": {
      "selected_question_ids": [
        "50f7a1a3-30b0-4b2e-8c08-0a0f125866e0",
        "44726b4b-5166-4f28-a985-7db5bbb4057d",
        "107c46ee-f717-4cad-a67d-18b7ffc3d9c9",
        "b2694440-ba32-45f1-86d1-ee36ff6837bc",
        "b0336f5f-2399-46cf-a9db-f164551a3ae8",
        "4fdc4e80-d406-48d2-b1b2-ac60a9269e32",
        "a777d7d6-1663-440f-b83d-4d12f1b01a47",
        "b6373211-b095-4f4c-aa39-76d0ec0304c2",
        "233c7215-c176-49ff-8b6f-a2b781055e44",
        "d6317ee0-ec45-4a19-8d91-dc3eb27d9a93",
        "6caa1ee6-1644-45a1-9435-7a5ff7d52d4e",
        "7d88e3b1-04a3-4167-a72e-688c4cda04ef",
        "bc6b35f4-16b2-4edc-bcf3-d537206a32e5",
        "b3eb6172-8c21-4b08-ba10-7e6d3831d221",
        "35d14b18-11d0-49fc-a326-dbc33101abf8",
        "d9e591c9-b336-4174-99e0-94cdb0d10021",
        "7928bcc2-f9c0-4d9b-b696-caafe9626091",
        "52979376-cd64-48df-903d-6885033cb026",
        "5777fdcc-93df-40ae-b019-e7099e22203b",
        "d03949f3-10a0-4643-be76-59bdffdc694d"
      ]
    }
  }
},
{
  "model": "core.quizattempt",
  "pk": 102,
  "fields": {
    "student": [
      "student2"
    ],
    "quiz": 10,
    "start_time": "2025-07-08T10:51:42.783Z",
    "end_time": "2025-07-08T10:51:42.783Z",
    "total_questions": 3,
    "correct_answers": 1,
    "marks_obtained": 10
  }
},
{
  "model": "core.quizattempt",
  "pk": 103,
  "fields": {
    "student": [
      "student2"
    ],
    "quiz": 10,
    "start_time": "2025-07-08T10:52:53.690Z",
    "end_time": "2025-07-08T10:52:53.690Z",
    "total_questions": 3,
    "correct_answers": 0,
    "marks_obtained": 0
  }
},
{
  "model": "core.quizattempt",
  "pk": 104,
  "fields": {
    "student": [
      "student2"
    ],
    "quiz": 10,
    "start_time": "2025-07-08T11:10:35.215Z",
    "end_time": "2025-07-08T11:10:35.215Z",
    "total_questions": 3,
    "correct_answers": 2,
    "marks_obtained": 20
  }
},
{
  "model": "core.quizattempt",
  "pk": 105,
  "fields": {
    "student": [
      "student2"
    ],
    "quiz": 10,
    "start_time": "2025-07-08T11:15:03.864Z",
    "end_time": "2025-07-08T11:15:03.863Z",
    "total_questions": 7,
    "correct_answers": 5,
    "marks_obtained": 50
  }
},
{
  "model": "core.quizattempt",
  "pk": 106,
  "fields": {
    "student": [
      "student2"
    ],
    "quiz": 10,
    "start_time": "2025-07-08T11:20:28.411Z",
    "end_time": "2025-07-08T11:20:28.411Z",
    "total_questions": 7,
    "correct_answers": 2,
    "marks_obtained": 20
  }
},
{
  "model": "core.quizattempt",
  "pk": 107,
  "fields": {
    "student": [
      "student2"
    ],
    "quiz": 10,
    "start_time": "2025-07-08T11:26:06.811Z",
    "end_time": "2025-07-08T11:26:06.811Z",
    "total_questions": 10,
    "correct_answers": 3,
    "marks_obtained": 30
  }
},
{
  "model": "core.quizattempt",
  "pk": 108,
  "fields": {
    "student": [
      "student2"
    ],
    "quiz": 13,
    "start_time": "2025-07-08T11:26:40.577Z",
    "end_time": "2025-07-08T11:26:40.576Z",
    "total_questions": 10,
    "correct_answers": 6,
    "marks_obtained": 60
  }
},
{
  "model": "core.quizattempt",
  "pk": 109,
  "fields": {
    "student": [
      "student2"
    ],
    "quiz": 10,
    "start_time": "2025-07-09T09:23:05.789Z",
    "end_time": "2025-07-09T09:23:05.789Z",
    "total_questions": 10,
    "correct_answers": 3,
    "marks_obtained": 30
  }
},
{
  "model": "core.quizattempt",
  "pk": 110,
  "fields": {
    "student": [
      "student2"
    ],
    "quiz": 10,
    "start_time": "2025-07-11T15:23:46.574Z",
    "end_time": "2025-07-11T15:23:46.573Z",
    "total_questions": 10,
    "correct_answers": 8,
    "marks_obtained": 80
  }
},
{
  "model": "core.quizattempt",
  "pk": 111,
  "fields": {
    "student": [
      "student2"
    ],
    "quiz": 15,
    "start_time": "2025-07-11T16:37:37.851Z",
    "end_time": "2025-07-11T16:37:37.850Z",
    "total_questions": 20,
    "correct_answers": 5,
    "marks_obtained": 25
  }
},
{
  "model": "core.quizattempt",
  "pk": 112,
  "fields": {
    "student": [
      "student2"
    ],
    "quiz": 15,
    "start_time": "2025-07-11T17:48:14.769Z",
    "end_time": "2025-07-11T17:48:14.769Z",
    "total_questions": 20,
    "correct_answers": 7,
    "marks_obtained": 35
  }
},
{
  "model": "admin.logentry",
  "pk": 1,
  "fields": {
    "action_time": "2025-06-14T17:32:08.420Z",
    "user": [
      "syedamirshah"
    ],
    "content_type": [
      "core",
      "questionbank"
    ],
    "object_id": "1",
    "object_repr": "Math Addition (1-10) (Single Correct Question)",
    "action_flag": 1,
    "change_message": "[{\"added\": {}}]"
  }
},
{
  "model": "admin.logentry",
  "pk": 2,
  "fields": {
    "action_time": "2025-06-14T17:32:56.736Z",
    "user": [
      "syedamirshah"
    ],
    "content_type": [
      "core",
      "questionbank"
    ],
    "object_id": "1",
    "object_repr": "Math Addition (1-10) (Single Correct Question)",
    "action_flag": 2,
    "change_message": "[]"
  }
},
{
  "model": "admin.logentry",
  "pk": 3,
  "fields": {
    "action_time": "2025-06-14T17:34:50.641Z",
    "user": [
      "syedamirshah"
    ],
    "content_type": [
      "core",
      "questionbank"
    ],
    "object_id": "1",
    "object_repr": "Math Addition (1-10) (Single Correct Question)",
    "action_flag": 2,
    "change_message": "[]"
  }
},
{
  "model": "admin.logentry",
  "pk": 4,
  "fields": {
    "action_time": "2025-06-14T17:35:56.188Z",
    "user": [
      "syedamirshah"
    ],
    "content_type": [
      "core",
      "questionbank"
    ],
    "object_id": "2",
    "object_repr": "Math Subtraction (1-10) (Multiple Correct Question)",
    "action_flag": 1,
    "change_message": "[{\"added\": {}}]"
  }
},
{
  "model": "admin.logentry",
  "pk": 5,
  "fields": {
    "action_time": "2025-06-14T17:36:22.112Z",
    "user": [
      "syedamirshah"
    ],
    "content_type": [
      "core",
      "questionbank"
    ],
    "object_id": "2",
    "object_repr": "Math Subtraction (1-10) (Multiple Correct Question)",
    "action_flag": 2,
    "change_message": "[]"
  }
},
{
  "model": "admin.logentry",
  "pk": 6,
  "fields": {
    "action_time": "2025-06-14T17:36:43.872Z",
    "user": [
      "syedamirshah"
    ],
    "content_type": [
      "core",
      "questionbank"
    ],
    "object_id": "2",
    "object_repr": "Math Subtraction (1-10) (Multiple Correct Question)",
    "action_flag": 2,
    "change_message": "[]"
  }
},
{
  "model": "admin.logentry",
  "pk": 7,
  "fields": {
    "action_time": "2025-06-14T17:38:23.956Z",
    "user": [
      "syedamirshah"
    ],
    "content_type": [
      "core",
      "mcqquestion"
    ],
    "object_id": "2",
    "object_repr": "MCQ: <p>Select even numbers from:&nbsp;</p>",
    "action_flag": 2,
    "change_message": "[{\"changed\": {\"fields\": [\"Question text\"]}}]"
  }
},
{
  "model": "admin.logentry",
  "pk": 8,
  "fields": {
    "action_time": "2025-06-14T17:38:42.588Z",
    "user": [
      "syedamirshah"
    ],
    "content_type": [
      "core",
      "mcqquestion"
    ],
    "object_id": "3",
    "object_repr": "MCQ: <p>Select even numbers from:&nbsp;</p>",
    "action_flag": 2,
    "change_message": "[{\"changed\": {\"fields\": [\"Question text\", \"Correct answers\"]}}]"
  }
},
{
  "model": "admin.logentry",
  "pk": 9,
  "fields": {
    "action_time": "2025-06-14T17:38:59.383Z",
    "user": [
      "syedamirshah"
    ],
    "content_type": [
      "core",
      "mcqquestion"
    ],
    "object_id": "4",
    "object_repr": "MCQ: <p>Select even numbers from:&nbsp;</p>",
    "action_flag": 2,
    "change_message": "[{\"changed\": {\"fields\": [\"Question text\"]}}]"
  }
},
{
  "model": "admin.logentry",
  "pk": 10,
  "fields": {
    "action_time": "2025-06-14T17:39:43.986Z",
    "user": [
      "syedamirshah"
    ],
    "content_type": [
      "core",
      "mcqquestion"
    ],
    "object_id": "5",
    "object_repr": "MCQ: <p>Select even numbers from:&nbsp;</p>",
    "action_flag": 2,
    "change_message": "[{\"changed\": {\"fields\": [\"Question text\", \"Option a\", \"Option b\", \"Option c\", \"Option d\", \"Correct answers\"]}}]"
  }
},
{
  "model": "admin.logentry",
  "pk": 11,
  "fields": {
    "action_time": "2025-06-14T17:40:14.460Z",
    "user": [
      "syedamirshah"
    ],
    "content_type": [
      "core",
      "mcqquestion"
    ],
    "object_id": "6",
    "object_repr": "MCQ: <p>Select even numbers from:&nbsp;</p>",
    "action_flag": 2,
    "change_message": "[{\"changed\": {\"fields\": [\"Question text\", \"Option c\", \"Correct answers\"]}}]"
  }
},
{
  "model": "admin.logentry",
  "pk": 12,
  "fields": {
    "action_time": "2025-06-14T17:40:41.894Z",
    "user": [
      "syedamirshah"
    ],
    "content_type": [
      "core",
      "mcqquestion"
    ],
    "object_id": "7",
    "object_repr": "MCQ: <p>Select even numbers from:&nbsp;</p>",
    "action_flag": 2,
    "change_message": "[{\"changed\": {\"fields\": [\"Question text\", \"Option a\", \"Option b\", \"Option c\", \"Option d\", \"Correct answers\"]}}]"
  }
},
{
  "model": "admin.logentry",
  "pk": 13,
  "fields": {
    "action_time": "2025-06-14T17:41:30.274Z",
    "user": [
      "syedamirshah"
    ],
    "content_type": [
      "core",
      "questionbank"
    ],
    "object_id": "3",
    "object_repr": "Math Multiplication (1-10) (Fill in the Blank)",
    "action_flag": 1,
    "change_message": "[{\"added\": {}}]"
  }
},
{
  "model": "admin.logentry",
  "pk": 14,
  "fields": {
    "action_time": "2025-06-14T17:41:49.180Z",
    "user": [
      "syedamirshah"
    ],
    "content_type": [
      "core",
      "questionbank"
    ],
    "object_id": "3",
    "object_repr": "Math Multiplication (1-10) (Fill in the Blank)",
    "action_flag": 2,
    "change_message": "[]"
  }
},
{
  "model": "admin.logentry",
  "pk": 15,
  "fields": {
    "action_time": "2025-06-14T17:49:45.545Z",
    "user": [
      "syedamirshah"
    ],
    "content_type": [
      "core",
      "questionbank"
    ],
    "object_id": "3",
    "object_repr": "Math Multiplication (1-10) (Fill in the Blank)",
    "action_flag": 2,
    "change_message": "[]"
  }
},
{
  "model": "admin.logentry",
  "pk": 16,
  "fields": {
    "action_time": "2025-06-14T17:50:04.932Z",
    "user": [
      "syedamirshah"
    ],
    "content_type": [
      "core",
      "questionbank"
    ],
    "object_id": "3",
    "object_repr": "Math Multiplication (1-10) (Fill in the Blank)",
    "action_flag": 2,
    "change_message": "[]"
  }
},
{
  "model": "admin.logentry",
  "pk": 17,
  "fields": {
    "action_time": "2025-06-14T17:50:41.207Z",
    "user": [
      "syedamirshah"
    ],
    "content_type": [
      "core",
      "grade"
    ],
    "object_id": "1",
    "object_repr": "Grade 1",
    "action_flag": 1,
    "change_message": "[{\"added\": {}}]"
  }
},
{
  "model": "admin.logentry",
  "pk": 18,
  "fields": {
    "action_time": "2025-06-14T17:50:53.356Z",
    "user": [
      "syedamirshah"
    ],
    "content_type": [
      "core",
      "grade"
    ],
    "object_id": "2",
    "object_repr": "Grade 2",
    "action_flag": 1,
    "change_message": "[{\"added\": {}}]"
  }
},
{
  "model": "admin.logentry",
  "pk": 19,
  "fields": {
    "action_time": "2025-06-14T17:51:01.574Z",
    "user": [
      "syedamirshah"
    ],
    "content_type": [
      "core",
      "grade"
    ],
    "object_id": "3",
    "object_repr": "Grade 3",
    "action_flag": 1,
    "change_message": "[{\"added\": {}}]"
  }
},
{
  "model": "admin.logentry",
  "pk": 20,
  "fields": {
    "action_time": "2025-06-14T17:51:25.907Z",
    "user": [
      "syedamirshah"
    ],
    "content_type": [
      "core",
      "subject"
    ],
    "object_id": "1",
    "object_repr": "Math 1 (Grade 1)",
    "action_flag": 1,
    "change_message": "[{\"added\": {}}]"
  }
},
{
  "model": "admin.logentry",
  "pk": 21,
  "fields": {
    "action_time": "2025-06-14T17:51:52.610Z",
    "user": [
      "syedamirshah"
    ],
    "content_type": [
      "core",
      "chapter"
    ],
    "object_id": "1",
    "object_repr": "Chapter 1 Introduction (Math 1)",
    "action_flag": 1,
    "change_message": "[{\"added\": {}}]"
  }
},
{
  "model": "admin.logentry",
  "pk": 22,
  "fields": {
    "action_time": "2025-06-14T17:52:20.979Z",
    "user": [
      "syedamirshah"
    ],
    "content_type": [
      "core",
      "quiz"
    ],
    "object_id": "1",
    "object_repr": "Math Addition",
    "action_flag": 1,
    "change_message": "[{\"added\": {}}]"
  }
},
{
  "model": "admin.logentry",
  "pk": 23,
  "fields": {
    "action_time": "2025-06-14T17:53:13.402Z",
    "user": [
      "syedamirshah"
    ],
    "content_type": [
      "core",
      "quiz"
    ],
    "object_id": "2",
    "object_repr": "Math Subtraction",
    "action_flag": 1,
    "change_message": "[{\"added\": {}}]"
  }
},
{
  "model": "admin.logentry",
  "pk": 24,
  "fields": {
    "action_time": "2025-06-14T17:53:55.666Z",
    "user": [
      "syedamirshah"
    ],
    "content_type": [
      "core",
      "quiz"
    ],
    "object_id": "3",
    "object_repr": "Math Multiplication",
    "action_flag": 1,
    "change_message": "[{\"added\": {}}]"
  }
},
{
  "model": "admin.logentry",
  "pk": 25,
  "fields": {
    "action_time": "2025-06-14T17:56:24.344Z",
    "user": [
      "syedamirshah"
    ],
    "content_type": [
      "core",
      "user"
    ],
    "object_id": "1",
    "object_repr": "syedamirshah (admin)",
    "action_flag": 2,
    "change_message": "[{\"changed\": {\"fields\": [\"Role\"]}}]"
  }
},
{
  "model": "admin.logentry",
  "pk": 26,
  "fields": {
    "action_time": "2025-06-14T17:58:08.216Z",
    "user": [
      "syedamirshah"
    ],
    "content_type": [
      "core",
      "user"
    ],
    "object_id": "3",
    "object_repr": "student2 (student)",
    "action_flag": 2,
    "change_message": "[{\"changed\": {\"fields\": [\"password\"]}}]"
  }
},
{
  "model": "admin.logentry",
  "pk": 27,
  "fields": {
    "action_time": "2025-06-16T14:14:27.368Z",
    "user": [
      "syedamirshah"
    ],
    "content_type": [
      "core",
      "scqquestion"
    ],
    "object_id": "12",
    "object_repr": "SCQ: <p>What is 2 + 20?</p>",
    "action_flag": 2,
    "change_message": "[{\"changed\": {\"fields\": [\"Question text\", \"Option a\", \"Option b\", \"Option c\", \"Option d\", \"Correct answer\"]}}]"
  }
},
{
  "model": "admin.logentry",
  "pk": 28,
  "fields": {
    "action_time": "2025-06-16T14:30:18.488Z",
    "user": [
      "syedamirshah"
    ],
    "content_type": [
      "core",
      "scqquestion"
    ],
    "object_id": "12",
    "object_repr": "SCQ: <p>What is 2 + 20?</p>",
    "action_flag": 2,
    "change_message": "[{\"changed\": {\"fields\": [\"Correct answer\"]}}]"
  }
},
{
  "model": "admin.logentry",
  "pk": 29,
  "fields": {
    "action_time": "2025-06-17T02:36:54.895Z",
    "user": [
      "syedamirshah"
    ],
    "content_type": [
      "core",
      "scqquestion"
    ],
    "object_id": "7",
    "object_repr": "SCQ: <p>What is 6 + 6?</p>",
    "action_flag": 2,
    "change_message": "[{\"changed\": {\"fields\": [\"Question text\", \"Correct answer\"]}}]"
  }
},
{
  "model": "admin.logentry",
  "pk": 30,
  "fields": {
    "action_time": "2025-06-17T02:37:04.180Z",
    "user": [
      "syedamirshah"
    ],
    "content_type": [
      "core",
      "scqquestion"
    ],
    "object_id": "8",
    "object_repr": "SCQ: <p>What is 7 + 7?</p>",
    "action_flag": 2,
    "change_message": "[{\"changed\": {\"fields\": [\"Question text\", \"Correct answer\"]}}]"
  }
},
{
  "model": "admin.logentry",
  "pk": 31,
  "fields": {
    "action_time": "2025-06-17T02:37:11.961Z",
    "user": [
      "syedamirshah"
    ],
    "content_type": [
      "core",
      "scqquestion"
    ],
    "object_id": "10",
    "object_repr": "SCQ: <p>What is 9 + 9?</p>",
    "action_flag": 2,
    "change_message": "[{\"changed\": {\"fields\": [\"Question text\", \"Correct answer\"]}}]"
  }
},
{
  "model": "admin.logentry",
  "pk": 32,
  "fields": {
    "action_time": "2025-06-17T02:37:19.196Z",
    "user": [
      "syedamirshah"
    ],
    "content_type": [
      "core",
      "scqquestion"
    ],
    "object_id": "11",
    "object_repr": "SCQ: <p>What is 10 + 10?</p>",
    "action_flag": 2,
    "change_message": "[{\"changed\": {\"fields\": [\"Question text\", \"Correct answer\"]}}]"
  }
},
{
  "model": "admin.logentry",
  "pk": 33,
  "fields": {
    "action_time": "2025-06-17T02:37:25.992Z",
    "user": [
      "syedamirshah"
    ],
    "content_type": [
      "core",
      "scqquestion"
    ],
    "object_id": "12",
    "object_repr": "SCQ: <p>What is 2 + 20?</p>",
    "action_flag": 2,
    "change_message": "[{\"changed\": {\"fields\": [\"Correct answer\"]}}]"
  }
},
{
  "model": "admin.logentry",
  "pk": 34,
  "fields": {
    "action_time": "2025-06-17T02:43:07.043Z",
    "user": [
      "syedamirshah"
    ],
    "content_type": [
      "core",
      "mcqquestion"
    ],
    "object_id": "1",
    "object_repr": "MCQ: <p>Which of the following are programming language",
    "action_flag": 2,
    "change_message": "[{\"changed\": {\"fields\": [\"Question text\", \"Correct answers\"]}}]"
  }
},
{
  "model": "admin.logentry",
  "pk": 35,
  "fields": {
    "action_time": "2025-06-17T02:43:15.893Z",
    "user": [
      "syedamirshah"
    ],
    "content_type": [
      "core",
      "mcqquestion"
    ],
    "object_id": "2",
    "object_repr": "MCQ: <p>Select even numbers from:&nbsp;</p>",
    "action_flag": 2,
    "change_message": "[{\"changed\": {\"fields\": [\"Correct answers\"]}}]"
  }
},
{
  "model": "admin.logentry",
  "pk": 36,
  "fields": {
    "action_time": "2025-06-17T02:43:23.854Z",
    "user": [
      "syedamirshah"
    ],
    "content_type": [
      "core",
      "mcqquestion"
    ],
    "object_id": "3",
    "object_repr": "MCQ: <p>Select even numbers from:&nbsp;</p>",
    "action_flag": 2,
    "change_message": "[{\"changed\": {\"fields\": [\"Correct answers\"]}}]"
  }
},
{
  "model": "admin.logentry",
  "pk": 37,
  "fields": {
    "action_time": "2025-06-17T02:43:32.472Z",
    "user": [
      "syedamirshah"
    ],
    "content_type": [
      "core",
      "mcqquestion"
    ],
    "object_id": "4",
    "object_repr": "MCQ: <p>Select even numbers from:&nbsp;</p>",
    "action_flag": 2,
    "change_message": "[{\"changed\": {\"fields\": [\"Correct answers\"]}}]"
  }
},
{
  "model": "admin.logentry",
  "pk": 38,
  "fields": {
    "action_time": "2025-06-17T02:43:40.289Z",
    "user": [
      "syedamirshah"
    ],
    "content_type": [
      "core",
      "mcqquestion"
    ],
    "object_id": "5",
    "object_repr": "MCQ: <p>Select even numbers from:&nbsp;</p>",
    "action_flag": 2,
    "change_message": "[{\"changed\": {\"fields\": [\"Correct answers\"]}}]"
  }
},
{
  "model": "admin.logentry",
  "pk": 39,
  "fields": {
    "action_time": "2025-06-17T04:33:18.875Z",
    "user": [
      "syedamirshah"
    ],
    "content_type": [
      "core",
      "questionbank"
    ],
    "object_id": "4",
    "object_repr": "Addition with Pictures (Single Correct Question)",
    "action_flag": 1,
    "change_message": "[{\"added\": {}}]"
  }
},
{
  "model": "admin.logentry",
  "pk": 40,
  "fields": {
    "action_time": "2025-06-17T05:14:27.233Z",
    "user": [
      "syedamirshah"
    ],
    "content_type": [
      "core",
      "scqquestion"
    ],
    "object_id": "13",
    "object_repr": "SCQ: <p>How many birds are there?</p>\r\n\r\n<p><img alt=\"\"",
    "action_flag": 1,
    "change_message": "[{\"added\": {}}]"
  }
},
{
  "model": "admin.logentry",
  "pk": 41,
  "fields": {
    "action_time": "2025-06-17T05:15:49.166Z",
    "user": [
      "syedamirshah"
    ],
    "content_type": [
      "core",
      "scqquestion"
    ],
    "object_id": "14",
    "object_repr": "SCQ: <p>How many birds are there?</p>\r\n\r\n<p><img alt=\"\"",
    "action_flag": 2,
    "change_message": "[{\"changed\": {\"fields\": [\"Question text\", \"Option a\", \"Option b\", \"Option c\"]}}]"
  }
},
{
  "model": "admin.logentry",
  "pk": 42,
  "fields": {
    "action_time": "2025-06-17T05:17:08.298Z",
    "user": [
      "syedamirshah"
    ],
    "content_type": [
      "core",
      "scqquestion"
    ],
    "object_id": "15",
    "object_repr": "SCQ: <p>How many flowers are there?</p>\r\n\r\n<p><img alt=",
    "action_flag": 2,
    "change_message": "[{\"changed\": {\"fields\": [\"Question text\", \"Correct answer\"]}}]"
  }
},
{
  "model": "admin.logentry",
  "pk": 43,
  "fields": {
    "action_time": "2025-06-17T05:18:02.570Z",
    "user": [
      "syedamirshah"
    ],
    "content_type": [
      "core",
      "scqquestion"
    ],
    "object_id": "16",
    "object_repr": "SCQ: <p>How many flowers are there?</p>\r\n\r\n<p><img alt=",
    "action_flag": 2,
    "change_message": "[{\"changed\": {\"fields\": [\"Question text\", \"Correct answer\"]}}]"
  }
},
{
  "model": "admin.logentry",
  "pk": 44,
  "fields": {
    "action_time": "2025-06-17T05:18:55.951Z",
    "user": [
      "syedamirshah"
    ],
    "content_type": [
      "core",
      "scqquestion"
    ],
    "object_id": "17",
    "object_repr": "SCQ: <p>How many flowers are there?</p>\r\n\r\n<p><img alt=",
    "action_flag": 2,
    "change_message": "[{\"changed\": {\"fields\": [\"Question text\", \"Option a\", \"Option b\", \"Option d\", \"Correct answer\"]}}]"
  }
},
{
  "model": "admin.logentry",
  "pk": 45,
  "fields": {
    "action_time": "2025-06-17T05:19:59.411Z",
    "user": [
      "syedamirshah"
    ],
    "content_type": [
      "core",
      "quiz"
    ],
    "object_id": "4",
    "object_repr": "Math Counting (1-10)",
    "action_flag": 1,
    "change_message": "[{\"added\": {}}]"
  }
},
{
  "model": "admin.logentry",
  "pk": 46,
  "fields": {
    "action_time": "2025-06-17T09:37:29.315Z",
    "user": [
      "syedamirshah"
    ],
    "content_type": [
      "core",
      "user"
    ],
    "object_id": "2",
    "object_repr": "student1 (student)",
    "action_flag": 2,
    "change_message": "[{\"changed\": {\"fields\": [\"language_used_at_home\"]}}]"
  }
},
{
  "model": "admin.logentry",
  "pk": 47,
  "fields": {
    "action_time": "2025-06-17T09:37:48.885Z",
    "user": [
      "syedamirshah"
    ],
    "content_type": [
      "core",
      "user"
    ],
    "object_id": "11",
    "object_repr": "student10 (student)",
    "action_flag": 2,
    "change_message": "[{\"changed\": {\"fields\": [\"language_used_at_home\"]}}]"
  }
},
{
  "model": "admin.logentry",
  "pk": 48,
  "fields": {
    "action_time": "2025-06-17T09:38:10.038Z",
    "user": [
      "syedamirshah"
    ],
    "content_type": [
      "core",
      "user"
    ],
    "object_id": "1",
    "object_repr": "syedamirshah (admin)",
    "action_flag": 2,
    "change_message": "[{\"changed\": {\"fields\": [\"language_used_at_home\"]}}]"
  }
},
{
  "model": "admin.logentry",
  "pk": 49,
  "fields": {
    "action_time": "2025-06-17T09:38:26.484Z",
    "user": [
      "syedamirshah"
    ],
    "content_type": [
      "core",
      "user"
    ],
    "object_id": "3",
    "object_repr": "student2 (student)",
    "action_flag": 2,
    "change_message": "[{\"changed\": {\"fields\": [\"language_used_at_home\"]}}]"
  }
},
{
  "model": "admin.logentry",
  "pk": 50,
  "fields": {
    "action_time": "2025-06-17T09:38:35.921Z",
    "user": [
      "syedamirshah"
    ],
    "content_type": [
      "core",
      "user"
    ],
    "object_id": "4",
    "object_repr": "student3 (student)",
    "action_flag": 2,
    "change_message": "[{\"changed\": {\"fields\": [\"language_used_at_home\"]}}]"
  }
},
{
  "model": "admin.logentry",
  "pk": 51,
  "fields": {
    "action_time": "2025-06-17T09:38:51.159Z",
    "user": [
      "syedamirshah"
    ],
    "content_type": [
      "core",
      "user"
    ],
    "object_id": "5",
    "object_repr": "student4 (student)",
    "action_flag": 2,
    "change_message": "[{\"changed\": {\"fields\": [\"language_used_at_home\"]}}]"
  }
},
{
  "model": "admin.logentry",
  "pk": 52,
  "fields": {
    "action_time": "2025-06-17T09:39:52.964Z",
    "user": [
      "syedamirshah"
    ],
    "content_type": [
      "core",
      "user"
    ],
    "object_id": "6",
    "object_repr": "student5 (student)",
    "action_flag": 2,
    "change_message": "[{\"changed\": {\"fields\": [\"language_used_at_home\"]}}]"
  }
},
{
  "model": "admin.logentry",
  "pk": 53,
  "fields": {
    "action_time": "2025-06-17T09:40:04.331Z",
    "user": [
      "syedamirshah"
    ],
    "content_type": [
      "core",
      "user"
    ],
    "object_id": "7",
    "object_repr": "student6 (student)",
    "action_flag": 2,
    "change_message": "[{\"changed\": {\"fields\": [\"language_used_at_home\"]}}]"
  }
},
{
  "model": "admin.logentry",
  "pk": 54,
  "fields": {
    "action_time": "2025-06-17T09:40:18.719Z",
    "user": [
      "syedamirshah"
    ],
    "content_type": [
      "core",
      "user"
    ],
    "object_id": "10",
    "object_repr": "student9 (student)",
    "action_flag": 2,
    "change_message": "[{\"changed\": {\"fields\": [\"language_used_at_home\"]}}]"
  }
},
{
  "model": "admin.logentry",
  "pk": 55,
  "fields": {
    "action_time": "2025-06-17T10:32:17.395Z",
    "user": [
      "syedamirshah"
    ],
    "content_type": [
      "core",
      "user"
    ],
    "object_id": "15",
    "object_repr": "student22 (student)",
    "action_flag": 2,
    "change_message": "[{\"changed\": {\"fields\": [\"language_used_at_home\"]}}]"
  }
},
{
  "model": "admin.logentry",
  "pk": 56,
  "fields": {
    "action_time": "2025-06-18T12:33:52.409Z",
    "user": [
      "syedamirshah"
    ],
    "content_type": [
      "core",
      "scqquestion"
    ],
    "object_id": "14",
    "object_repr": "SCQ: <p>How many birds are there?</p>\r\n\r\n<p><img alt=\"\"",
    "action_flag": 2,
    "change_message": "[{\"changed\": {\"fields\": [\"Correct answer\"]}}]"
  }
},
{
  "model": "admin.logentry",
  "pk": 57,
  "fields": {
    "action_time": "2025-06-19T06:58:13.243Z",
    "user": [
      "syedamirshah"
    ],
    "content_type": [
      "core",
      "user"
    ],
    "object_id": "11",
    "object_repr": "student10 (student)",
    "action_flag": 2,
    "change_message": "[{\"changed\": {\"fields\": [\"password\"]}}]"
  }
},
{
  "model": "admin.logentry",
  "pk": 58,
  "fields": {
    "action_time": "2025-06-19T07:11:07.826Z",
    "user": [
      "syedamirshah"
    ],
    "content_type": [
      "core",
      "user"
    ],
    "object_id": "2",
    "object_repr": "student1 (student)",
    "action_flag": 2,
    "change_message": "[{\"changed\": {\"fields\": [\"Province\"]}}]"
  }
},
{
  "model": "admin.logentry",
  "pk": 59,
  "fields": {
    "action_time": "2025-06-19T07:11:32.727Z",
    "user": [
      "syedamirshah"
    ],
    "content_type": [
      "core",
      "user"
    ],
    "object_id": "3",
    "object_repr": "student2 (student)",
    "action_flag": 2,
    "change_message": "[{\"changed\": {\"fields\": [\"Schooling status\", \"Province\"]}}]"
  }
},
{
  "model": "admin.logentry",
  "pk": 60,
  "fields": {
    "action_time": "2025-06-19T07:12:11.641Z",
    "user": [
      "syedamirshah"
    ],
    "content_type": [
      "core",
      "user"
    ],
    "object_id": "5",
    "object_repr": "student4 (student)",
    "action_flag": 2,
    "change_message": "[{\"changed\": {\"fields\": [\"Schooling status\", \"Province\"]}}]"
  }
},
{
  "model": "admin.logentry",
  "pk": 61,
  "fields": {
    "action_time": "2025-06-19T07:13:49.033Z",
    "user": [
      "syedamirshah"
    ],
    "content_type": [
      "core",
      "user"
    ],
    "object_id": "6",
    "object_repr": "teacher1 (teacher)",
    "action_flag": 2,
    "change_message": "[{\"changed\": {\"fields\": [\"Username\", \"Email\", \"Full name\", \"Role\", \"Gender\", \"Schooling status\", \"School name\", \"Grade\", \"Province\"]}}]"
  }
},
{
  "model": "admin.logentry",
  "pk": 62,
  "fields": {
    "action_time": "2025-06-21T08:48:23.889Z",
    "user": [
      "syedamirshah"
    ],
    "content_type": [
      "core",
      "user"
    ],
    "object_id": "7",
    "object_repr": "student6 (student)",
    "action_flag": 2,
    "change_message": "[{\"changed\": {\"fields\": [\"Province\"]}}]"
  }
},
{
  "model": "admin.logentry",
  "pk": 63,
  "fields": {
    "action_time": "2025-06-21T08:57:24.936Z",
    "user": [
      "syedamirshah"
    ],
    "content_type": [
      "core",
      "user"
    ],
    "object_id": "2",
    "object_repr": "student1 (student)",
    "action_flag": 2,
    "change_message": "[{\"changed\": {\"fields\": [\"City\"]}}]"
  }
},
{
  "model": "admin.logentry",
  "pk": 64,
  "fields": {
    "action_time": "2025-06-21T08:57:41.164Z",
    "user": [
      "syedamirshah"
    ],
    "content_type": [
      "core",
      "user"
    ],
    "object_id": "3",
    "object_repr": "student2 (student)",
    "action_flag": 2,
    "change_message": "[{\"changed\": {\"fields\": [\"City\"]}}]"
  }
},
{
  "model": "admin.logentry",
  "pk": 65,
  "fields": {
    "action_time": "2025-06-21T08:57:56.026Z",
    "user": [
      "syedamirshah"
    ],
    "content_type": [
      "core",
      "user"
    ],
    "object_id": "5",
    "object_repr": "student4 (student)",
    "action_flag": 2,
    "change_message": "[{\"changed\": {\"fields\": [\"City\"]}}]"
  }
},
{
  "model": "admin.logentry",
  "pk": 66,
  "fields": {
    "action_time": "2025-06-21T08:58:16.226Z",
    "user": [
      "syedamirshah"
    ],
    "content_type": [
      "core",
      "user"
    ],
    "object_id": "7",
    "object_repr": "student6 (student)",
    "action_flag": 2,
    "change_message": "[{\"changed\": {\"fields\": [\"City\"]}}]"
  }
},
{
  "model": "admin.logentry",
  "pk": 67,
  "fields": {
    "action_time": "2025-06-21T09:21:37.023Z",
    "user": [
      "syedamirshah"
    ],
    "content_type": [
      "core",
      "user"
    ],
    "object_id": "3",
    "object_repr": "student2 (student)",
    "action_flag": 2,
    "change_message": "[{\"changed\": {\"fields\": [\"Gender\"]}}]"
  }
},
{
  "model": "admin.logentry",
  "pk": 68,
  "fields": {
    "action_time": "2025-06-21T09:28:25.976Z",
    "user": [
      "syedamirshah"
    ],
    "content_type": [
      "core",
      "user"
    ],
    "object_id": "8",
    "object_repr": "student7 (student)",
    "action_flag": 2,
    "change_message": "[{\"changed\": {\"fields\": [\"language_used_at_home\"]}}]"
  }
},
{
  "model": "admin.logentry",
  "pk": 69,
  "fields": {
    "action_time": "2025-06-21T09:28:37.707Z",
    "user": [
      "syedamirshah"
    ],
    "content_type": [
      "core",
      "user"
    ],
    "object_id": "9",
    "object_repr": "student8 (student)",
    "action_flag": 2,
    "change_message": "[{\"changed\": {\"fields\": [\"language_used_at_home\"]}}]"
  }
},
{
  "model": "admin.logentry",
  "pk": 70,
  "fields": {
    "action_time": "2025-06-21T10:17:32.908Z",
    "user": [
      "syedamirshah"
    ],
    "content_type": [
      "core",
      "user"
    ],
    "object_id": "3",
    "object_repr": "student2 (student)",
    "action_flag": 2,
    "change_message": "[{\"changed\": {\"fields\": [\"Profile picture\"]}}]"
  }
},
{
  "model": "admin.logentry",
  "pk": 71,
  "fields": {
    "action_time": "2025-06-21T10:18:35.836Z",
    "user": [
      "syedamirshah"
    ],
    "content_type": [
      "core",
      "user"
    ],
    "object_id": "3",
    "object_repr": "student2 (student)",
    "action_flag": 2,
    "change_message": "[{\"changed\": {\"fields\": [\"Profile picture\", \"Fee receipt\"]}}]"
  }
},
{
  "model": "admin.logentry",
  "pk": 72,
  "fields": {
    "action_time": "2025-06-23T02:41:26.419Z",
    "user": [
      "syedamirshah"
    ],
    "content_type": [
      "core",
      "user"
    ],
    "object_id": "16",
    "object_repr": "manager1 (manager)",
    "action_flag": 1,
    "change_message": "[{\"added\": {}}]"
  }
},
{
  "model": "admin.logentry",
  "pk": 73,
  "fields": {
    "action_time": "2025-06-23T02:49:17.038Z",
    "user": [
      "syedamirshah"
    ],
    "content_type": [
      "core",
      "user"
    ],
    "object_id": "16",
    "object_repr": "manager1 (manager)",
    "action_flag": 2,
    "change_message": "[]"
  }
},
{
  "model": "admin.logentry",
  "pk": 74,
  "fields": {
    "action_time": "2025-06-23T04:38:23.472Z",
    "user": [
      "syedamirshah"
    ],
    "content_type": [
      "core",
      "user"
    ],
    "object_id": "16",
    "object_repr": "manager1 (manager)",
    "action_flag": 2,
    "change_message": "[]"
  }
},
{
  "model": "admin.logentry",
  "pk": 75,
  "fields": {
    "action_time": "2025-06-23T05:53:44.394Z",
    "user": [
      "syedamirshah"
    ],
    "content_type": [
      "core",
      "user"
    ],
    "object_id": "16",
    "object_repr": "manager1 (manager)",
    "action_flag": 2,
    "change_message": "[{\"changed\": {\"fields\": [\"password\"]}}]"
  }
},
{
  "model": "admin.logentry",
  "pk": 76,
  "fields": {
    "action_time": "2025-06-23T06:02:26.759Z",
    "user": [
      "syedamirshah"
    ],
    "content_type": [
      "core",
      "user"
    ],
    "object_id": "16",
    "object_repr": "manager1 (manager)",
    "action_flag": 2,
    "change_message": "[{\"changed\": {\"fields\": [\"password\"]}}]"
  }
},
{
  "model": "admin.logentry",
  "pk": 77,
  "fields": {
    "action_time": "2025-06-23T06:06:23.061Z",
    "user": [
      "syedamirshah"
    ],
    "content_type": [
      "core",
      "user"
    ],
    "object_id": "16",
    "object_repr": "manager1 (manager)",
    "action_flag": 2,
    "change_message": "[{\"changed\": {\"fields\": [\"password\"]}}]"
  }
},
{
  "model": "admin.logentry",
  "pk": 78,
  "fields": {
    "action_time": "2025-06-23T06:36:56.161Z",
    "user": [
      "syedamirshah"
    ],
    "content_type": [
      "core",
      "user"
    ],
    "object_id": "3",
    "object_repr": "student2 (student)",
    "action_flag": 2,
    "change_message": "[{\"changed\": {\"fields\": [\"password\"]}}]"
  }
},
{
  "model": "admin.logentry",
  "pk": 79,
  "fields": {
    "action_time": "2025-06-23T06:57:04.047Z",
    "user": [
      "syedamirshah"
    ],
    "content_type": [
      "core",
      "user"
    ],
    "object_id": "16",
    "object_repr": "manager1 (manager)",
    "action_flag": 2,
    "change_message": "[{\"changed\": {\"fields\": [\"password\"]}}]"
  }
},
{
  "model": "admin.logentry",
  "pk": 80,
  "fields": {
    "action_time": "2025-06-23T06:57:08.795Z",
    "user": [
      "syedamirshah"
    ],
    "content_type": [
      "core",
      "user"
    ],
    "object_id": "16",
    "object_repr": "manager1 (manager)",
    "action_flag": 2,
    "change_message": "[]"
  }
},
{
  "model": "admin.logentry",
  "pk": 81,
  "fields": {
    "action_time": "2025-06-23T15:24:19.552Z",
    "user": [
      "syedamirshah"
    ],
    "content_type": [
      "core",
      "quiz"
    ],
    "object_id": "5",
    "object_repr": "fsdfsd",
    "action_flag": 1,
    "change_message": "[{\"added\": {}}]"
  }
},
{
  "model": "admin.logentry",
  "pk": 82,
  "fields": {
    "action_time": "2025-06-23T16:45:51.270Z",
    "user": [
      "syedamirshah"
    ],
    "content_type": [
      "core",
      "quiz"
    ],
    "object_id": "5",
    "object_repr": "fsdfsd",
    "action_flag": 3,
    "change_message": ""
  }
},
{
  "model": "admin.logentry",
  "pk": 83,
  "fields": {
    "action_time": "2025-06-23T16:46:29.968Z",
    "user": [
      "syedamirshah"
    ],
    "content_type": [
      "core",
      "quiz"
    ],
    "object_id": "2",
    "object_repr": "Math Subtraction",
    "action_flag": 3,
    "change_message": ""
  }
},
{
  "model": "admin.logentry",
  "pk": 84,
  "fields": {
    "action_time": "2025-06-23T16:46:52.373Z",
    "user": [
      "syedamirshah"
    ],
    "content_type": [
      "core",
      "quiz"
    ],
    "object_id": "1",
    "object_repr": "Math Addition",
    "action_flag": 3,
    "change_message": ""
  }
},
{
  "model": "admin.logentry",
  "pk": 85,
  "fields": {
    "action_time": "2025-06-24T09:33:37.397Z",
    "user": [
      "manager1"
    ],
    "content_type": [
      "core",
      "user"
    ],
    "object_id": "None",
    "object_repr": "new_admin (admin)",
    "action_flag": 1,
    "change_message": "[{\"added\": {}}]"
  }
},
{
  "model": "admin.logentry",
  "pk": 86,
  "fields": {
    "action_time": "2025-06-24T09:37:45.153Z",
    "user": [
      "manager1"
    ],
    "content_type": [
      "core",
      "user"
    ],
    "object_id": "21",
    "object_repr": "student28 (manager)",
    "action_flag": 1,
    "change_message": "[{\"added\": {}}]"
  }
},
{
  "model": "admin.logentry",
  "pk": 87,
  "fields": {
    "action_time": "2025-06-24T09:45:50.037Z",
    "user": [
      "manager1"
    ],
    "content_type": [
      "core",
      "user"
    ],
    "object_id": "22",
    "object_repr": "sfsdfsdfsdfsdsf (manager)",
    "action_flag": 1,
    "change_message": "[{\"added\": {}}]"
  }
},
{
  "model": "admin.logentry",
  "pk": 88,
  "fields": {
    "action_time": "2025-06-24T09:52:03.524Z",
    "user": [
      "manager1"
    ],
    "content_type": [
      "core",
      "user"
    ],
    "object_id": "23",
    "object_repr": "sdfsdfsdfsd (teacher)",
    "action_flag": 1,
    "change_message": "[{\"added\": {}}]"
  }
},
{
  "model": "admin.logentry",
  "pk": 89,
  "fields": {
    "action_time": "2025-06-24T11:05:40.372Z",
    "user": [
      "manager1"
    ],
    "content_type": [
      "core",
      "user"
    ],
    "object_id": "20",
    "object_repr": "student26 (student)",
    "action_flag": 2,
    "change_message": "[{\"changed\": {\"fields\": [\"Gender\", \"language_used_at_home\"]}}]"
  }
},
{
  "model": "admin.logentry",
  "pk": 90,
  "fields": {
    "action_time": "2025-06-24T11:06:21.023Z",
    "user": [
      "manager1"
    ],
    "content_type": [
      "core",
      "user"
    ],
    "object_id": "19",
    "object_repr": "student30 (teacher)",
    "action_flag": 2,
    "change_message": "[{\"changed\": {\"fields\": [\"Username\", \"Email\", \"Full name\", \"Role\", \"Gender\", \"Province\", \"language_used_at_home\"]}}]"
  }
},
{
  "model": "admin.logentry",
  "pk": 91,
  "fields": {
    "action_time": "2025-06-24T17:23:32.972Z",
    "user": [
      "syedamirshah"
    ],
    "content_type": [
      "core",
      "user"
    ],
    "object_id": "24",
    "object_repr": "dfsdfsd (manager)",
    "action_flag": 1,
    "change_message": "[{\"added\": {}}]"
  }
},
{
  "model": "admin.logentry",
  "pk": 92,
  "fields": {
    "action_time": "2025-06-25T07:35:46.649Z",
    "user": [
      "syedamirshah"
    ],
    "content_type": [
      "core",
      "user"
    ],
    "object_id": "2",
    "object_repr": "student1 (student)",
    "action_flag": 2,
    "change_message": "[]"
  }
},
{
  "model": "admin.logentry",
  "pk": 93,
  "fields": {
    "action_time": "2025-06-25T07:48:03.691Z",
    "user": [
      "syedamirshah"
    ],
    "content_type": [
      "core",
      "user"
    ],
    "object_id": "25",
    "object_repr": "sdfsdfsdsdfsdf (manager)",
    "action_flag": 1,
    "change_message": "[{\"added\": {}}]"
  }
},
{
  "model": "admin.logentry",
  "pk": 94,
  "fields": {
    "action_time": "2025-06-25T07:56:04.431Z",
    "user": [
      "syedamirshah"
    ],
    "content_type": [
      "core",
      "user"
    ],
    "object_id": "26",
    "object_repr": "sdfsfsdfdsfsfsd (manager)",
    "action_flag": 1,
    "change_message": "[{\"added\": {}}]"
  }
},
{
  "model": "admin.logentry",
  "pk": 95,
  "fields": {
    "action_time": "2025-06-25T08:28:04.787Z",
    "user": [
      "syedamirshah"
    ],
    "content_type": [
      "core",
      "user"
    ],
    "object_id": "26",
    "object_repr": "sdfsfsdfdsfsfsd (manager)",
    "action_flag": 3,
    "change_message": ""
  }
},
{
  "model": "admin.logentry",
  "pk": 96,
  "fields": {
    "action_time": "2025-06-25T10:02:18.252Z",
    "user": [
      "syedamirshah"
    ],
    "content_type": [
      "core",
      "user"
    ],
    "object_id": "25",
    "object_repr": "sdfsdfsdsdfsdf (manager)",
    "action_flag": 3,
    "change_message": ""
  }
},
{
  "model": "admin.logentry",
  "pk": 97,
  "fields": {
    "action_time": "2025-06-25T10:02:35.164Z",
    "user": [
      "syedamirshah"
    ],
    "content_type": [
      "core",
      "user"
    ],
    "object_id": "24",
    "object_repr": "dfsdfsd (manager)",
    "action_flag": 3,
    "change_message": ""
  }
},
{
  "model": "admin.logentry",
  "pk": 98,
  "fields": {
    "action_time": "2025-06-25T10:03:20.465Z",
    "user": [
      "syedamirshah"
    ],
    "content_type": [
      "core",
      "user"
    ],
    "object_id": "22",
    "object_repr": "sfsdfsdfsdfsdsf (manager)",
    "action_flag": 3,
    "change_message": ""
  }
},
{
  "model": "admin.logentry",
  "pk": 99,
  "fields": {
    "action_time": "2025-06-25T10:03:36.596Z",
    "user": [
      "syedamirshah"
    ],
    "content_type": [
      "core",
      "user"
    ],
    "object_id": "21",
    "object_repr": "student28 (manager)",
    "action_flag": 3,
    "change_message": ""
  }
},
{
  "model": "admin.logentry",
  "pk": 100,
  "fields": {
    "action_time": "2025-06-25T10:03:52.595Z",
    "user": [
      "syedamirshah"
    ],
    "content_type": [
      "core",
      "user"
    ],
    "object_id": "23",
    "object_repr": "sdfsdfsdfsd (teacher)",
    "action_flag": 3,
    "change_message": ""
  }
},
{
  "model": "admin.logentry",
  "pk": 101,
  "fields": {
    "action_time": "2025-06-27T05:17:56.251Z",
    "user": [
      "syedamirshah"
    ],
    "content_type": [
      "core",
      "user"
    ],
    "object_id": "27",
    "object_repr": "student007 (student)",
    "action_flag": 3,
    "change_message": ""
  }
},
{
  "model": "admin.logentry",
  "pk": 102,
  "fields": {
    "action_time": "2025-06-27T07:16:10.860Z",
    "user": [
      "syedamirshah"
    ],
    "content_type": [
      "core",
      "user"
    ],
    "object_id": "2",
    "object_repr": "student1 (student)",
    "action_flag": 2,
    "change_message": "[{\"changed\": {\"fields\": [\"Email\", \"Account status\"]}}]"
  }
},
{
  "model": "admin.logentry",
  "pk": 103,
  "fields": {
    "action_time": "2025-06-28T12:07:05.274Z",
    "user": [
      "syedamirshah"
    ],
    "content_type": [
      "core",
      "user"
    ],
    "object_id": "6",
    "object_repr": "teacher1 (teacher)",
    "action_flag": 2,
    "change_message": "[{\"changed\": {\"fields\": [\"password\"]}}]"
  }
},
{
  "model": "admin.logentry",
  "pk": 104,
  "fields": {
    "action_time": "2025-06-29T05:55:27.511Z",
    "user": [
      "syedamirshah"
    ],
    "content_type": [
      "core",
      "user"
    ],
    "object_id": "30",
    "object_repr": "student_trial (student)",
    "action_flag": 2,
    "change_message": "[{\"changed\": {\"fields\": [\"password\"]}}]"
  }
},
{
  "model": "admin.logentry",
  "pk": 105,
  "fields": {
    "action_time": "2025-06-29T06:27:30.938Z",
    "user": [
      "syedamirshah"
    ],
    "content_type": [
      "core",
      "user"
    ],
    "object_id": "31",
    "object_repr": "student_trial2 (student)",
    "action_flag": 2,
    "change_message": "[]"
  }
},
{
  "model": "admin.logentry",
  "pk": 106,
  "fields": {
    "action_time": "2025-06-29T06:28:59.615Z",
    "user": [
      "syedamirshah"
    ],
    "content_type": [
      "core",
      "user"
    ],
    "object_id": "31",
    "object_repr": "student_trial2 (student)",
    "action_flag": 2,
    "change_message": "[{\"changed\": {\"fields\": [\"Account status\"]}}]"
  }
},
{
  "model": "admin.logentry",
  "pk": 107,
  "fields": {
    "action_time": "2025-06-29T06:29:29.296Z",
    "user": [
      "syedamirshah"
    ],
    "content_type": [
      "core",
      "user"
    ],
    "object_id": "31",
    "object_repr": "student_trial2 (student)",
    "action_flag": 2,
    "change_message": "[{\"changed\": {\"fields\": [\"Account status\"]}}]"
  }
},
{
  "model": "admin.logentry",
  "pk": 108,
  "fields": {
    "action_time": "2025-06-29T06:39:27.237Z",
    "user": [
      "syedamirshah"
    ],
    "content_type": [
      "core",
      "user"
    ],
    "object_id": "2",
    "object_repr": "student1 (student)",
    "action_flag": 3,
    "change_message": ""
  }
},
{
  "model": "admin.logentry",
  "pk": 109,
  "fields": {
    "action_time": "2025-06-29T06:39:34.318Z",
    "user": [
      "syedamirshah"
    ],
    "content_type": [
      "core",
      "user"
    ],
    "object_id": "7",
    "object_repr": "student6 (student)",
    "action_flag": 3,
    "change_message": ""
  }
},
{
  "model": "admin.logentry",
  "pk": 110,
  "fields": {
    "action_time": "2025-06-29T06:39:38.699Z",
    "user": [
      "syedamirshah"
    ],
    "content_type": [
      "core",
      "user"
    ],
    "object_id": "5",
    "object_repr": "student4 (student)",
    "action_flag": 3,
    "change_message": ""
  }
},
{
  "model": "admin.logentry",
  "pk": 111,
  "fields": {
    "action_time": "2025-06-29T06:39:48.752Z",
    "user": [
      "syedamirshah"
    ],
    "content_type": [
      "core",
      "user"
    ],
    "object_id": "15",
    "object_repr": "student22 (student)",
    "action_flag": 3,
    "change_message": ""
  }
},
{
  "model": "admin.logentry",
  "pk": 112,
  "fields": {
    "action_time": "2025-06-29T06:40:08.773Z",
    "user": [
      "syedamirshah"
    ],
    "content_type": [
      "core",
      "user"
    ],
    "object_id": "31",
    "object_repr": "student_trial2 (student)",
    "action_flag": 2,
    "change_message": "[{\"changed\": {\"fields\": [\"Account status\", \"Is active\"]}}]"
  }
},
{
  "model": "admin.logentry",
  "pk": 113,
  "fields": {
    "action_time": "2025-06-29T07:30:44.295Z",
    "user": [
      "syedamirshah"
    ],
    "content_type": [
      "core",
      "user"
    ],
    "object_id": "1",
    "object_repr": "syedamirshah (admin)",
    "action_flag": 2,
    "change_message": "[{\"changed\": {\"fields\": [\"Account status\"]}}]"
  }
},
{
  "model": "admin.logentry",
  "pk": 114,
  "fields": {
    "action_time": "2025-07-01T09:33:59.708Z",
    "user": [
      "syedamirshah"
    ],
    "content_type": [
      "core",
      "user"
    ],
    "object_id": "3",
    "object_repr": "student2 (student)",
    "action_flag": 2,
    "change_message": "[{\"changed\": {\"fields\": [\"Account status\", \"Is active\"]}}]"
  }
},
{
  "model": "admin.logentry",
  "pk": 115,
  "fields": {
    "action_time": "2025-07-01T09:34:58.052Z",
    "user": [
      "syedamirshah"
    ],
    "content_type": [
      "core",
      "user"
    ],
    "object_id": "3",
    "object_repr": "student2 (student)",
    "action_flag": 2,
    "change_message": "[{\"changed\": {\"fields\": [\"Account status\", \"Is active\"]}}]"
  }
},
{
  "model": "admin.logentry",
  "pk": 116,
  "fields": {
    "action_time": "2025-07-01T11:40:41.961Z",
    "user": [
      "syedamirshah"
    ],
    "content_type": [
      "core",
      "user"
    ],
    "object_id": "4",
    "object_repr": "student3 (student)",
    "action_flag": 2,
    "change_message": "[{\"changed\": {\"fields\": [\"password\"]}}]"
  }
},
{
  "model": "admin.logentry",
  "pk": 117,
  "fields": {
    "action_time": "2025-07-01T13:22:08.889Z",
    "user": [
      "syedamirshah"
    ],
    "content_type": [
      "core",
      "user"
    ],
    "object_id": "19",
    "object_repr": "student30 (teacher)",
    "action_flag": 2,
    "change_message": "[{\"changed\": {\"fields\": [\"password\"]}}]"
  }
},
{
  "model": "admin.logentry",
  "pk": 118,
  "fields": {
    "action_time": "2025-07-01T13:28:14.087Z",
    "user": [
      "syedamirshah"
    ],
    "content_type": [
      "core",
      "user"
    ],
    "object_id": "20",
    "object_repr": "student26 (student)",
    "action_flag": 2,
    "change_message": "[{\"changed\": {\"fields\": [\"password\"]}}]"
  }
},
{
  "model": "admin.logentry",
  "pk": 119,
  "fields": {
    "action_time": "2025-07-02T14:09:02.477Z",
    "user": [
      "syedamirshah"
    ],
    "content_type": [
      "core",
      "user"
    ],
    "object_id": "3",
    "object_repr": "student2 (student)",
    "action_flag": 2,
    "change_message": "[{\"changed\": {\"fields\": [\"Account status\", \"Is active\"]}}]"
  }
},
{
  "model": "admin.logentry",
  "pk": 120,
  "fields": {
    "action_time": "2025-07-03T06:35:44.070Z",
    "user": [
      "syedamirshah"
    ],
    "content_type": [
      "core",
      "user"
    ],
    "object_id": "8",
    "object_repr": "student7 (student)",
    "action_flag": 2,
    "change_message": "[{\"changed\": {\"fields\": [\"password\"]}}]"
  }
},
{
  "model": "admin.logentry",
  "pk": 121,
  "fields": {
    "action_time": "2025-07-03T10:14:19.255Z",
    "user": [
      "syedamirshah"
    ],
    "content_type": [
      "core",
      "user"
    ],
    "object_id": "6",
    "object_repr": "teacher1 (teacher)",
    "action_flag": 2,
    "change_message": "[{\"changed\": {\"fields\": [\"password\"]}}]"
  }
},
{
  "model": "admin.logentry",
  "pk": 122,
  "fields": {
    "action_time": "2025-07-03T10:20:49.778Z",
    "user": [
      "syedamirshah"
    ],
    "content_type": [
      "core",
      "user"
    ],
    "object_id": "6",
    "object_repr": "teacher1 (teacher)",
    "action_flag": 2,
    "change_message": "[{\"changed\": {\"fields\": [\"School name\", \"Province\"]}}]"
  }
},
{
  "model": "admin.logentry",
  "pk": 123,
  "fields": {
    "action_time": "2025-07-03T10:21:13.995Z",
    "user": [
      "syedamirshah"
    ],
    "content_type": [
      "core",
      "user"
    ],
    "object_id": "4",
    "object_repr": "student3 (student)",
    "action_flag": 2,
    "change_message": "[{\"changed\": {\"fields\": [\"School name\", \"City\", \"Province\"]}}]"
  }
},
{
  "model": "admin.logentry",
  "pk": 124,
  "fields": {
    "action_time": "2025-07-03T10:21:43.949Z",
    "user": [
      "syedamirshah"
    ],
    "content_type": [
      "core",
      "user"
    ],
    "object_id": "8",
    "object_repr": "student7 (student)",
    "action_flag": 2,
    "change_message": "[{\"changed\": {\"fields\": [\"Schooling status\", \"School name\", \"City\", \"Province\"]}}]"
  }
},
{
  "model": "admin.logentry",
  "pk": 125,
  "fields": {
    "action_time": "2025-07-03T12:07:46.286Z",
    "user": [
      "syedamirshah"
    ],
    "content_type": [
      "core",
      "user"
    ],
    "object_id": "3",
    "object_repr": "student2 (student)",
    "action_flag": 2,
    "change_message": "[{\"changed\": {\"fields\": [\"School name\", \"City\"]}}]"
  }
},
{
  "model": "admin.logentry",
  "pk": 126,
  "fields": {
    "action_time": "2025-07-04T19:17:09.907Z",
    "user": [
      "syedamirshah"
    ],
    "content_type": [
      "core",
      "subject"
    ],
    "object_id": "2",
    "object_repr": "Math (Grade 2)",
    "action_flag": 1,
    "change_message": "[{\"added\": {}}]"
  }
},
{
  "model": "admin.logentry",
  "pk": 127,
  "fields": {
    "action_time": "2025-07-04T19:17:43.500Z",
    "user": [
      "syedamirshah"
    ],
    "content_type": [
      "core",
      "chapter"
    ],
    "object_id": "2",
    "object_repr": "Chapter 1 (Math)",
    "action_flag": 1,
    "change_message": "[{\"added\": {}}]"
  }
},
{
  "model": "admin.logentry",
  "pk": 128,
  "fields": {
    "action_time": "2025-07-04T19:18:28.704Z",
    "user": [
      "syedamirshah"
    ],
    "content_type": [
      "core",
      "quiz"
    ],
    "object_id": "6",
    "object_repr": "My First Frontend Quiz",
    "action_flag": 1,
    "change_message": "[{\"added\": {}}]"
  }
},
{
  "model": "admin.logentry",
  "pk": 129,
  "fields": {
    "action_time": "2025-07-04T19:20:18.864Z",
    "user": [
      "syedamirshah"
    ],
    "content_type": [
      "core",
      "subject"
    ],
    "object_id": "3",
    "object_repr": "Science (Grade 1)",
    "action_flag": 1,
    "change_message": "[{\"added\": {}}]"
  }
},
{
  "model": "admin.logentry",
  "pk": 130,
  "fields": {
    "action_time": "2025-07-04T19:21:35.678Z",
    "user": [
      "syedamirshah"
    ],
    "content_type": [
      "core",
      "chapter"
    ],
    "object_id": "3",
    "object_repr": "Chapter 1 (Science)",
    "action_flag": 1,
    "change_message": "[{\"added\": {}}]"
  }
},
{
  "model": "admin.logentry",
  "pk": 131,
  "fields": {
    "action_time": "2025-07-04T19:22:03.449Z",
    "user": [
      "syedamirshah"
    ],
    "content_type": [
      "core",
      "quiz"
    ],
    "object_id": "7",
    "object_repr": "Science FIrst Quiz",
    "action_flag": 1,
    "change_message": "[{\"added\": {}}]"
  }
},
{
  "model": "admin.logentry",
  "pk": 132,
  "fields": {
    "action_time": "2025-07-04T20:14:59.116Z",
    "user": [
      "syedamirshah"
    ],
    "content_type": [
      "core",
      "quiz"
    ],
    "object_id": "3",
    "object_repr": "Math Multiplication",
    "action_flag": 3,
    "change_message": ""
  }
},
{
  "model": "admin.logentry",
  "pk": 133,
  "fields": {
    "action_time": "2025-07-04T20:21:35.076Z",
    "user": [
      "syedamirshah"
    ],
    "content_type": [
      "core",
      "quiz"
    ],
    "object_id": "4",
    "object_repr": "Math Counting (1-10)",
    "action_flag": 3,
    "change_message": ""
  }
},
{
  "model": "admin.logentry",
  "pk": 134,
  "fields": {
    "action_time": "2025-07-04T20:32:21.117Z",
    "user": [
      "syedamirshah"
    ],
    "content_type": [
      "core",
      "quiz"
    ],
    "object_id": "6",
    "object_repr": "My First Frontend Quiz",
    "action_flag": 3,
    "change_message": ""
  }
},
{
  "model": "admin.logentry",
  "pk": 135,
  "fields": {
    "action_time": "2025-07-05T07:12:29.785Z",
    "user": [
      "syedamirshah"
    ],
    "content_type": [
      "core",
      "user"
    ],
    "object_id": "28",
    "object_repr": "student007 (student)",
    "action_flag": 2,
    "change_message": "[{\"changed\": {\"fields\": [\"password\"]}}]"
  }
},
{
  "model": "admin.logentry",
  "pk": 136,
  "fields": {
    "action_time": "2025-07-05T07:12:43.676Z",
    "user": [
      "syedamirshah"
    ],
    "content_type": [
      "core",
      "user"
    ],
    "object_id": "28",
    "object_repr": "student007 (student)",
    "action_flag": 2,
    "change_message": "[{\"changed\": {\"fields\": [\"Subscription plan\"]}}]"
  }
},
{
  "model": "admin.logentry",
  "pk": 137,
  "fields": {
    "action_time": "2025-07-05T07:15:22.057Z",
    "user": [
      "syedamirshah"
    ],
    "content_type": [
      "core",
      "user"
    ],
    "object_id": "28",
    "object_repr": "student007 (student)",
    "action_flag": 2,
    "change_message": "[{\"changed\": {\"fields\": [\"Email\"]}}]"
  }
},
{
  "model": "admin.logentry",
  "pk": 138,
  "fields": {
    "action_time": "2025-07-06T05:55:55.483Z",
    "user": [
      "syedamirshah"
    ],
    "content_type": [
      "core",
      "user"
    ],
    "object_id": "20",
    "object_repr": "student26 (student)",
    "action_flag": 3,
    "change_message": ""
  }
},
{
  "model": "admin.logentry",
  "pk": 139,
  "fields": {
    "action_time": "2025-07-06T08:05:55.546Z",
    "user": [
      "syedamirshah"
    ],
    "content_type": [
      "core",
      "user"
    ],
    "object_id": "9",
    "object_repr": "student8 (student)",
    "action_flag": 3,
    "change_message": ""
  }
},
{
  "model": "admin.logentry",
  "pk": 140,
  "fields": {
    "action_time": "2025-07-07T17:27:37.019Z",
    "user": [
      "syedamirshah"
    ],
    "content_type": [
      "core",
      "quiz"
    ],
    "object_id": "8",
    "object_repr": "introduction to grade 2",
    "action_flag": 1,
    "change_message": "[{\"added\": {}}]"
  }
},
{
  "model": "admin.logentry",
  "pk": 141,
  "fields": {
    "action_time": "2025-07-07T17:38:13.604Z",
    "user": [
      "syedamirshah"
    ],
    "content_type": [
      "core",
      "subject"
    ],
    "object_id": "4",
    "object_repr": "Math 2 (Grade 2)",
    "action_flag": 1,
    "change_message": "[{\"added\": {}}]"
  }
},
{
  "model": "admin.logentry",
  "pk": 142,
  "fields": {
    "action_time": "2025-07-07T17:38:32.457Z",
    "user": [
      "syedamirshah"
    ],
    "content_type": [
      "core",
      "subject"
    ],
    "object_id": "4",
    "object_repr": "Math 2 (Grade 2)",
    "action_flag": 3,
    "change_message": ""
  }
},
{
  "model": "admin.logentry",
  "pk": 143,
  "fields": {
    "action_time": "2025-07-07T17:38:57.917Z",
    "user": [
      "syedamirshah"
    ],
    "content_type": [
      "core",
      "quiz"
    ],
    "object_id": "7",
    "object_repr": "Science FIrst Quiz",
    "action_flag": 3,
    "change_message": ""
  }
},
{
  "model": "admin.logentry",
  "pk": 144,
  "fields": {
    "action_time": "2025-07-07T17:39:00.725Z",
    "user": [
      "syedamirshah"
    ],
    "content_type": [
      "core",
      "quiz"
    ],
    "object_id": "8",
    "object_repr": "introduction to grade 2",
    "action_flag": 3,
    "change_message": ""
  }
},
{
  "model": "admin.logentry",
  "pk": 145,
  "fields": {
    "action_time": "2025-07-07T17:39:20.337Z",
    "user": [
      "syedamirshah"
    ],
    "content_type": [
      "core",
      "grade"
    ],
    "object_id": "4",
    "object_repr": "Grade 4",
    "action_flag": 1,
    "change_message": "[{\"added\": {}}]"
  }
},
{
  "model": "admin.logentry",
  "pk": 146,
  "fields": {
    "action_time": "2025-07-07T17:39:39.858Z",
    "user": [
      "syedamirshah"
    ],
    "content_type": [
      "core",
      "subject"
    ],
    "object_id": "3",
    "object_repr": "Science (Grade 1)",
    "action_flag": 3,
    "change_message": ""
  }
},
{
  "model": "admin.logentry",
  "pk": 147,
  "fields": {
    "action_time": "2025-07-07T17:39:39.865Z",
    "user": [
      "syedamirshah"
    ],
    "content_type": [
      "core",
      "subject"
    ],
    "object_id": "2",
    "object_repr": "Math (Grade 2)",
    "action_flag": 3,
    "change_message": ""
  }
},
{
  "model": "admin.logentry",
  "pk": 148,
  "fields": {
    "action_time": "2025-07-07T17:39:39.866Z",
    "user": [
      "syedamirshah"
    ],
    "content_type": [
      "core",
      "subject"
    ],
    "object_id": "1",
    "object_repr": "Math 1 (Grade 1)",
    "action_flag": 3,
    "change_message": ""
  }
},
{
  "model": "admin.logentry",
  "pk": 149,
  "fields": {
    "action_time": "2025-07-07T17:40:29.137Z",
    "user": [
      "syedamirshah"
    ],
    "content_type": [
      "core",
      "subject"
    ],
    "object_id": "5",
    "object_repr": "math (Grade 1)",
    "action_flag": 1,
    "change_message": "[{\"added\": {}}]"
  }
},
{
  "model": "admin.logentry",
  "pk": 150,
  "fields": {
    "action_time": "2025-07-07T17:40:37.219Z",
    "user": [
      "syedamirshah"
    ],
    "content_type": [
      "core",
      "subject"
    ],
    "object_id": "6",
    "object_repr": "math (Grade 2)",
    "action_flag": 1,
    "change_message": "[{\"added\": {}}]"
  }
},
{
  "model": "admin.logentry",
  "pk": 151,
  "fields": {
    "action_time": "2025-07-07T17:40:44.375Z",
    "user": [
      "syedamirshah"
    ],
    "content_type": [
      "core",
      "subject"
    ],
    "object_id": "7",
    "object_repr": "math (Grade 3)",
    "action_flag": 1,
    "change_message": "[{\"added\": {}}]"
  }
},
{
  "model": "admin.logentry",
  "pk": 152,
  "fields": {
    "action_time": "2025-07-07T17:40:51.319Z",
    "user": [
      "syedamirshah"
    ],
    "content_type": [
      "core",
      "subject"
    ],
    "object_id": "8",
    "object_repr": "math (Grade 4)",
    "action_flag": 1,
    "change_message": "[{\"added\": {}}]"
  }
},
{
  "model": "admin.logentry",
  "pk": 153,
  "fields": {
    "action_time": "2025-07-07T17:41:08.603Z",
    "user": [
      "syedamirshah"
    ],
    "content_type": [
      "core",
      "chapter"
    ],
    "object_id": "4",
    "object_repr": "intro (math)",
    "action_flag": 1,
    "change_message": "[{\"added\": {}}]"
  }
},
{
  "model": "admin.logentry",
  "pk": 154,
  "fields": {
    "action_time": "2025-07-07T17:41:16.638Z",
    "user": [
      "syedamirshah"
    ],
    "content_type": [
      "core",
      "chapter"
    ],
    "object_id": "5",
    "object_repr": "intro (math)",
    "action_flag": 1,
    "change_message": "[{\"added\": {}}]"
  }
},
{
  "model": "admin.logentry",
  "pk": 155,
  "fields": {
    "action_time": "2025-07-07T17:41:23.936Z",
    "user": [
      "syedamirshah"
    ],
    "content_type": [
      "core",
      "chapter"
    ],
    "object_id": "6",
    "object_repr": "intro (math)",
    "action_flag": 1,
    "change_message": "[{\"added\": {}}]"
  }
},
{
  "model": "admin.logentry",
  "pk": 156,
  "fields": {
    "action_time": "2025-07-07T17:41:33.170Z",
    "user": [
      "syedamirshah"
    ],
    "content_type": [
      "core",
      "chapter"
    ],
    "object_id": "7",
    "object_repr": "intro (math)",
    "action_flag": 1,
    "change_message": "[{\"added\": {}}]"
  }
},
{
  "model": "admin.logentry",
  "pk": 157,
  "fields": {
    "action_time": "2025-07-07T17:42:28.473Z",
    "user": [
      "syedamirshah"
    ],
    "content_type": [
      "core",
      "quiz"
    ],
    "object_id": "9",
    "object_repr": "addition",
    "action_flag": 1,
    "change_message": "[{\"added\": {}}]"
  }
},
{
  "model": "admin.logentry",
  "pk": 158,
  "fields": {
    "action_time": "2025-07-07T17:43:16.089Z",
    "user": [
      "syedamirshah"
    ],
    "content_type": [
      "core",
      "quiz"
    ],
    "object_id": "10",
    "object_repr": "quiz number 2",
    "action_flag": 1,
    "change_message": "[{\"added\": {}}]"
  }
},
{
  "model": "admin.logentry",
  "pk": 159,
  "fields": {
    "action_time": "2025-07-07T17:43:55.470Z",
    "user": [
      "syedamirshah"
    ],
    "content_type": [
      "core",
      "quiz"
    ],
    "object_id": "11",
    "object_repr": "quiz number 3",
    "action_flag": 1,
    "change_message": "[{\"added\": {}}]"
  }
},
{
  "model": "admin.logentry",
  "pk": 160,
  "fields": {
    "action_time": "2025-07-07T17:44:22.152Z",
    "user": [
      "syedamirshah"
    ],
    "content_type": [
      "core",
      "quiz"
    ],
    "object_id": "12",
    "object_repr": "quiz numner 4",
    "action_flag": 1,
    "change_message": "[{\"added\": {}}]"
  }
},
{
  "model": "admin.logentry",
  "pk": 161,
  "fields": {
    "action_time": "2025-07-08T11:24:09.724Z",
    "user": [
      "syedamirshah"
    ],
    "content_type": [
      "core",
      "quiz"
    ],
    "object_id": "13",
    "object_repr": "new quiz to check",
    "action_flag": 1,
    "change_message": "[{\"added\": {}}]"
  }
},
{
  "model": "admin.logentry",
  "pk": 162,
  "fields": {
    "action_time": "2025-07-09T04:28:07.601Z",
    "user": [
      "syedamirshah"
    ],
    "content_type": [
      "core",
      "quiz"
    ],
    "object_id": "14",
    "object_repr": "this is new quiz for grad 1",
    "action_flag": 1,
    "change_message": "[{\"added\": {}}]"
  }
},
{
  "model": "admin.logentry",
  "pk": 163,
  "fields": {
    "action_time": "2025-07-09T04:41:27.946Z",
    "user": [
      "syedamirshah"
    ],
    "content_type": [
      "core",
      "subject"
    ],
    "object_id": "9",
    "object_repr": "Science (Grade 1)",
    "action_flag": 1,
    "change_message": "[{\"added\": {}}]"
  }
},
{
  "model": "admin.logentry",
  "pk": 164,
  "fields": {
    "action_time": "2025-07-09T04:41:37.973Z",
    "user": [
      "syedamirshah"
    ],
    "content_type": [
      "core",
      "subject"
    ],
    "object_id": "10",
    "object_repr": "Pakistan Studies (Grade 1)",
    "action_flag": 1,
    "change_message": "[{\"added\": {}}]"
  }
},
{
  "model": "admin.logentry",
  "pk": 165,
  "fields": {
    "action_time": "2025-07-09T04:46:49.621Z",
    "user": [
      "syedamirshah"
    ],
    "content_type": [
      "core",
      "grade"
    ],
    "object_id": "1",
    "object_repr": "Grade 1",
    "action_flag": 3,
    "change_message": ""
  }
},
{
  "model": "admin.logentry",
  "pk": 166,
  "fields": {
    "action_time": "2025-07-09T04:47:25.451Z",
    "user": [
      "syedamirshah"
    ],
    "content_type": [
      "core",
      "grade"
    ],
    "object_id": "5",
    "object_repr": "Grade 1",
    "action_flag": 1,
    "change_message": "[{\"added\": {}}]"
  }
},
{
  "model": "admin.logentry",
  "pk": 167,
  "fields": {
    "action_time": "2025-07-09T04:48:16.708Z",
    "user": [
      "syedamirshah"
    ],
    "content_type": [
      "core",
      "subject"
    ],
    "object_id": "11",
    "object_repr": "Math (Grade 1)",
    "action_flag": 1,
    "change_message": "[{\"added\": {}}]"
  }
},
{
  "model": "admin.logentry",
  "pk": 168,
  "fields": {
    "action_time": "2025-07-09T04:48:58.557Z",
    "user": [
      "syedamirshah"
    ],
    "content_type": [
      "core",
      "chapter"
    ],
    "object_id": "8",
    "object_repr": "hello this is new chapter (Math)",
    "action_flag": 1,
    "change_message": "[{\"added\": {}}]"
  }
},
{
  "model": "admin.logentry",
  "pk": 169,
  "fields": {
    "action_time": "2025-07-09T04:49:15.475Z",
    "user": [
      "syedamirshah"
    ],
    "content_type": [
      "core",
      "quiz"
    ],
    "object_id": "9",
    "object_repr": "addition",
    "action_flag": 2,
    "change_message": "[{\"changed\": {\"fields\": [\"Grade\", \"Subject\", \"Chapter\"]}}]"
  }
},
{
  "model": "admin.logentry",
  "pk": 170,
  "fields": {
    "action_time": "2025-07-09T04:49:29.060Z",
    "user": [
      "syedamirshah"
    ],
    "content_type": [
      "core",
      "quiz"
    ],
    "object_id": "14",
    "object_repr": "this is new quiz for grad 1",
    "action_flag": 2,
    "change_message": "[{\"changed\": {\"fields\": [\"Grade\", \"Subject\", \"Chapter\"]}}]"
  }
},
{
  "model": "admin.logentry",
  "pk": 171,
  "fields": {
    "action_time": "2025-07-09T09:25:17.562Z",
    "user": [
      "syedamirshah"
    ],
    "content_type": [
      "core",
      "questionbank"
    ],
    "object_id": "5",
    "object_repr": "hgvuygy (Multiple Correct Question)",
    "action_flag": 1,
    "change_message": "[{\"added\": {}}]"
  }
},
{
  "model": "admin.logentry",
  "pk": 172,
  "fields": {
    "action_time": "2025-07-11T15:49:30.465Z",
    "user": [
      "syedamirshah"
    ],
    "content_type": [
      "core",
      "quiz"
    ],
    "object_id": "15",
    "object_repr": "quiz with twnety questions",
    "action_flag": 1,
    "change_message": "[{\"added\": {}}]"
  }
}
]
